"Name","Team","W","L","SV","G","GS","IP","K/9","BB/9","HR/9","BABIP","LOB%","GB%","HR/FB","ERA","FIP","xFIP","WAR","playerid"
"Corey Kluber","Indians","3","6","0","12","12","84.2","11.16","1.49","0.64",".357","69.1 %","47.9 %","9.4 %","3.61","2.23","2.37","2.8","2429"
"Max Scherzer","Nationals","6","4","0","11","11","77.2","10.43","1.39","0.58",".273","81.8 %","34.3 %","5.4 %","1.85","2.18","3.02","2.8","3137"
"Chris Archer","Rays","6","4","0","12","12","76.0","11.49","2.37","0.59",".277","82.4 %","50.3 %","10.2 %","2.01","2.29","2.34","2.4","6345"
"Sonny Gray","Athletics","7","2","0","12","12","82.0","8.01","2.30","0.33",".237","83.8 %","55.1 %","4.3 %","1.65","2.66","3.36","2.3","12768"
"Michael Pineda","Yankees","7","2","0","11","11","70.1","9.73","0.90","0.77",".347","72.4 %","52.7 %","10.3 %","3.33","2.41","2.45","2.3","5372"
"Dallas Keuchel","Astros","7","1","0","12","12","87.2","6.88","2.26","0.31",".230","80.7 %","64.2 %","8.1 %","1.85","2.79","2.93","2.2","9434"
"Gerrit Cole","Pirates","8","2","0","11","11","71.0","10.01","2.03","0.51",".317","80.7 %","54.1 %","9.3 %","1.90","2.43","2.54","1.9","13125"
"Jake Arrieta","Cubs","5","4","0","11","11","71.0","9.51","1.77","0.76",".308","72.2 %","51.1 %","11.5 %","3.04","2.78","2.71","1.9","4153"
"Clayton Kershaw","Dodgers","4","3","0","11","11","72.1","11.20","2.12","0.87",".324","68.7 %","51.1 %","17.5 %","3.73","2.68","2.19","1.9","2036"
"Aaron Harang","Phillies","4","6","0","12","12","77.0","6.31","2.34","0.47",".253","74.0 %","33.9 %","3.8 %","2.45","3.25","4.47","1.8","1451"
"Chris Sale","White Sox","5","2","0","10","10","66.0","10.77","2.18","0.82",".294","71.9 %","41.7 %","10.0 %","3.27","2.72","2.82","1.8","10603"
"Carlos Carrasco","Indians","7","4","0","11","11","64.1","10.35","2.10","0.70",".329","69.6 %","47.9 %","9.6 %","3.92","2.57","2.70","1.8","6632"
"Jake Odorizzi","Rays","4","5","0","12","12","76.2","7.40","1.76","0.59",".260","79.5 %","40.7 %","6.0 %","2.47","2.99","3.68","1.8","6397"
"Jason Hammel","Cubs","4","2","0","10","10","67.0","9.27","0.94","0.81",".266","71.4 %","41.1 %","10.0 %","2.82","2.67","2.76","1.8","4538"
"Jacob deGrom","Mets","6","4","0","11","11","71.0","9.00","1.65","0.76",".273","80.2 %","42.5 %","9.8 %","2.41","2.85","2.96","1.7","10954"
"Jesse Chavez","Athletics","2","5","1","12","8","59.2","7.69","2.26","0.30",".269","76.4 %","39.4 %","3.2 %","2.11","2.65","3.69","1.6","5448"
"David Price","Tigers","4","2","0","11","11","74.1","7.63","2.18","0.73",".293","73.0 %","35.6 %","6.6 %","3.15","3.28","3.95","1.6","3184"
"Matt Harvey","Mets","6","3","0","11","11","73.2","9.77","1.47","1.10",".274","80.1 %","39.7 %","12.7 %","3.05","3.15","2.91","1.6","11713"
"Jordan Zimmermann","Nationals","5","2","0","11","11","68.2","5.90","1.97","0.39",".304","72.1 %","40.3 %","3.8 %","2.88","3.12","4.18","1.6","4505"
"Trevor May","Twins","4","3","0","10","10","56.2","7.94","1.43","0.64",".329","65.8 %","40.1 %","6.0 %","4.45","2.80","3.54","1.6","6398"
"Zack Greinke","Dodgers","5","1","0","11","11","73.0","7.40","1.85","0.62",".244","84.4 %","46.5 %","7.2 %","1.97","3.06","3.50","1.6","1943"
"A.J. Burnett","Pirates","6","1","0","11","11","69.2","8.27","2.84","0.39",".314","82.1 %","55.4 %","6.4 %","2.20","2.87","3.26","1.5","512"
"Lance Lynn","Cardinals","4","4","0","11","11","68.1","9.48","2.90","0.66",".324","78.1 %","41.2 %","7.5 %","3.03","2.97","3.40","1.5","2520"
"Clay Buchholz","Red Sox","3","6","0","11","11","68.1","9.22","2.37","0.66",".317","68.4 %","50.8 %","9.1 %","3.82","2.94","3.12","1.5","3543"
"Dellin Betances","Yankees","4","0","2","27","0","30.1","15.13","4.15","0.00",".216","84.0 %","51.0 %","0.0 %","0.30","1.14","1.83","1.5","6216"
"John Lackey","Cardinals","4","3","0","11","11","70.2","6.62","2.29","0.51",".283","78.4 %","44.5 %","5.4 %","2.93","3.23","3.96","1.4","1507"
"Johnny Cueto","Reds","3","4","0","10","10","71.1","8.07","1.51","1.01",".247","76.5 %","42.1 %","11.4 %","2.90","3.37","3.29","1.4","6893"
"Chase Anderson","Diamondbacks","1","1","0","10","10","60.2","6.08","2.08","0.30",".299","73.8 %","45.1 %","3.4 %","3.26","3.09","4.02","1.4","6895"
"Jose Quintana","White Sox","2","6","0","11","11","67.1","7.89","2.81","0.53",".345","68.9 %","47.2 %","6.6 %","4.28","3.25","3.75","1.4","11423"
"Alex Wood","Braves","4","2","0","10","10","62.0","6.10","2.61","0.29",".342","76.3 %","48.5 %","3.5 %","3.19","3.05","3.92","1.4","13781"
"Tyson Ross","Padres","3","5","0","12","12","69.2","10.08","4.52","0.39",".353","74.2 %","62.6 %","8.3 %","3.75","3.08","3.24","1.3","7872"
"Jesse Hahn","Athletics","3","5","0","11","11","66.2","6.08","1.89","0.41",".275","60.2 %","51.9 %","6.3 %","3.51","3.16","3.59","1.3","13287"
"Francisco Liriano","Pirates","3","4","0","11","11","66.2","10.94","3.38","0.81",".250","73.9 %","50.6 %","14.6 %","3.24","3.07","2.77","1.3","3201"
"Trevor Bauer","Indians","5","2","0","11","11","70.1","8.96","3.71","0.77",".262","80.7 %","37.0 %","7.3 %","2.94","3.52","4.04","1.3","12703"
"Felix Hernandez","Mariners","8","2","0","11","11","75.1","8.96","2.39","0.96",".250","83.8 %","61.4 %","20.0 %","2.63","3.46","2.83","1.3","4772"
"Gio Gonzalez","Nationals","4","3","0","11","11","65.0","8.58","3.46","0.42",".372","68.9 %","56.1 %","8.1 %","4.57","3.06","3.25","1.3","7448"
"Cole Hamels","Phillies","5","4","0","12","12","81.1","9.30","3.10","1.11",".251","83.5 %","46.0 %","13.5 %","2.88","3.79","3.47","1.2","4972"
"Ubaldo Jimenez","Orioles","3","3","0","10","10","57.2","8.58","2.50","0.78",".289","75.8 %","50.0 %","11.6 %","3.12","3.27","3.19","1.2","3374"
"Mike Fiers","Brewers","2","5","0","11","11","57.2","10.77","2.97","1.09",".373","73.2 %","35.2 %","10.6 %","4.06","3.45","3.47","1.2","7754"
"J.A. Happ","Mariners","3","1","0","11","11","65.1","6.75","1.93","0.83",".303","78.8 %","39.0 %","8.3 %","3.31","3.50","3.85","1.2","7410"
"C.J. Wilson","Angels","3","4","0","11","11","71.0","7.10","3.04","0.63",".268","71.6 %","44.7 %","6.9 %","3.55","3.64","4.15","1.2","3580"
"Michael Wacha","Cardinals","8","1","0","11","11","70.1","6.01","2.18","0.64",".236","82.6 %","46.7 %","7.2 %","2.18","3.56","4.01","1.1","14078"
"Drew Storen","Nationals","1","0","18","24","0","23.1","11.57","1.16","0.00",".296","85.7 %","35.2 %","0.0 %","1.16","1.19","2.51","1.1","6983"
"Madison Bumgarner","Giants","6","2","0","11","11","69.1","7.92","1.69","1.04",".277","81.4 %","39.4 %","10.0 %","3.12","3.55","3.67","1.1","5524"
"Colby Lewis","Rangers","5","3","0","11","11","66.1","6.78","2.04","0.95",".299","66.0 %","34.3 %","7.3 %","4.48","3.75","4.41","1.1","1259"
"Chad Bettis","Rockies","2","0","0","5","5","33.1","7.29","2.43","0.00",".283","71.1 %","50.0 %","0.0 %","2.70","2.40","3.66","1.1","10587"
"Shelby Miller","Braves","5","2","0","11","11","71.1","6.43","3.03","0.50",".215","84.8 %","50.8 %","6.3 %","1.89","3.55","4.08","1.1","10197"
"Kyle Hendricks","Cubs","1","2","0","10","10","58.2","7.36","1.99","0.77",".300","71.2 %","52.3 %","9.1 %","3.99","3.46","3.67","1.0","12049"
"A.J. Ramos","Marlins","0","0","6","26","0","27.1","11.52","2.63","0.00",".237","87.0 %","45.8 %","0.0 %","0.99","1.55","2.67","1.0","8350"
"Jeff Samardzija","White Sox","4","3","0","11","11","73.0","7.15","1.73","1.11",".322","66.7 %","38.5 %","10.6 %","4.68","3.83","3.86","1.0","3254"
"Alfredo Simon","Tigers","5","3","0","10","10","63.2","6.22","2.97","0.57",".273","76.3 %","41.1 %","5.9 %","2.97","3.59","4.27","1.0","2155"
"Collin McHugh","Astros","6","2","0","11","11","70.2","7.39","1.66","1.02",".317","71.8 %","46.7 %","11.6 %","4.33","3.71","3.61","1.0","7531"
"Masahiro Tanaka","Yankees","3","1","0","5","5","29.1","10.13","2.15","0.61",".211","61.3 %","41.7 %","6.7 %","2.76","2.47","3.02","1.0","15764"
"Lance McCullers","Astros","2","0","0","4","4","24.0","10.88","2.25","0.00",".295","76.9 %","47.5 %","0.0 %","1.88","1.70","2.81","1.0","14120"
"Edinson Volquez","Royals","4","4","0","11","11","66.1","7.33","3.26","0.54",".247","69.1 %","45.8 %","6.2 %","3.26","3.50","4.09","1.0","3990"
"Drew Hutchison","Blue Jays","4","1","0","11","11","63.1","7.67","2.27","0.99",".314","63.5 %","44.6 %","11.5 %","5.26","3.80","3.71","1.0","10732"
"Noah Syndergaard","Mets","2","3","0","5","5","28.2","10.05","1.57","0.63",".349","64.3 %","42.7 %","6.9 %","3.77","2.42","2.93","0.9","11762"
"Brett Anderson","Dodgers","2","4","0","11","11","63.0","6.29","2.43","0.57",".319","76.2 %","67.9 %","10.8 %","3.29","3.40","3.40","0.9","8223"
"Chris Heston","Giants","5","4","0","11","11","65.0","7.62","2.49","0.83",".322","68.6 %","54.0 %","12.5 %","4.29","3.55","3.38","0.9","10302"
"Danny Salazar","Indians","5","1","0","9","9","54.2","11.69","2.63","1.32",".308","75.7 %","45.2 %","17.4 %","3.79","3.52","2.80","0.9","5867"
"David Phelps","Marlins","2","2","0","11","9","54.0","6.00","2.67","0.50",".289","69.9 %","41.6 %","5.7 %","3.50","3.45","4.11","0.9","6316"
"Jon Lester","Cubs","4","4","0","11","11","67.2","8.65","2.39","1.20",".325","74.6 %","47.5 %","15.3 %","3.86","3.77","3.26","0.9","4930"
"Andrew Cashner","Padres","2","8","0","11","11","67.2","9.58","2.00","1.33",".347","68.4 %","46.9 %","15.4 %","3.46","3.67","3.09","0.9","8782"
"Roberto Osuna","Blue Jays","1","2","0","23","0","26.2","9.45","2.36","0.00",".239","73.9 %","29.9 %","0.0 %","1.69","1.81","3.49","0.9","13764"
"Ricky Nolasco","Twins","5","1","0","7","7","32.2","7.71","2.76","0.28",".394","59.7 %","40.9 %","2.8 %","5.51","2.81","3.96","0.9","3830"
"Yovani Gallardo","Rangers","5","6","0","12","12","68.2","6.42","2.75","0.92",".273","70.0 %","53.2 %","10.8 %","3.54","3.93","3.94","0.9","8173"
"Jordan Lyles","Rockies","2","5","0","10","10","49.0","5.51","3.49","0.37",".329","60.1 %","49.7 %","5.3 %","5.14","3.77","4.33","0.9","7593"
"Carlos Martinez","Cardinals","6","2","0","12","11","67.1","10.02","4.14","0.94",".279","83.8 %","54.7 %","16.7 %","2.94","3.67","3.19","0.8","11682"
"Anthony DeSclafani","Reds","4","4","0","11","11","65.0","5.68","3.74","0.55",".255","68.5 %","40.0 %","5.3 %","3.60","3.95","4.77","0.8","13050"
"Wade Miley","Red Sox","5","5","0","11","11","61.2","5.69","3.06","0.58",".295","64.2 %","47.3 %","5.6 %","4.67","3.77","4.56","0.8","8779"
"CC Sabathia","Yankees","2","7","0","11","11","66.0","7.77","1.91","1.36",".356","66.7 %","46.4 %","14.5 %","5.45","4.04","3.54","0.8","404"
"Adam Wainwright","Cardinals","2","1","0","4","4","25.0","6.48","1.08","0.00",".299","76.9 %","50.0 %","0.0 %","1.44","2.04","2.94","0.8","2233"
"Garrett Richards","Angels","5","3","0","9","9","58.0","7.29","3.72","0.62",".255","72.7 %","54.5 %","7.1 %","3.26","3.79","4.25","0.8","9784"
"Bartolo Colon","Mets","8","3","0","11","11","68.2","7.08","0.66","1.44",".295","65.0 %","38.2 %","12.0 %","4.72","3.85","3.64","0.8","375"
"Zach Britton","Orioles","0","0","15","23","0","23.0","11.74","1.17","0.39",".333","83.3 %","68.4 %","14.3 %","1.96","1.47","1.33","0.8","3240"
"Andrew Miller","Yankees","0","1","17","24","0","25.0","14.40","3.60","0.36",".159","92.2 %","51.1 %","6.7 %","1.08","2.12","2.44","0.8","6785"
"Shawn Tolleson","Rangers","1","0","6","24","0","25.1","11.01","1.42","0.71",".290","81.1 %","42.9 %","10.0 %","2.49","2.29","2.37","0.8","10481"
"Hector Santiago","Angels","4","3","0","11","11","67.0","8.06","3.63","1.07",".246","85.2 %","29.4 %","8.6 %","2.69","4.27","4.66","0.8","4026"
"Chris Young","Royals","4","2","0","12","6","45.2","6.70","2.56","0.79",".214","78.7 %","22.9 %","5.2 %","2.56","3.62","4.85","0.7","3196"
"Joe Smith","Angels","2","2","0","25","0","23.2","9.13","2.28","0.00",".308","66.7 %","50.8 %","0.0 %","3.42","1.98","2.87","0.7","3281"
"Scott Kazmir","Athletics","2","4","0","11","11","63.0","8.71","3.71","0.86",".287","76.7 %","45.4 %","10.5 %","3.14","3.75","3.78","0.7","4897"
"David Robertson","White Sox","4","1","10","22","0","23.2","13.31","1.14","1.14",".260","81.1 %","35.8 %","15.8 %","2.28","2.19","1.67","0.7","8241"
"Nick Martinez","Rangers","4","2","0","11","11","65.1","5.51","2.89","0.69",".300","78.9 %","42.3 %","6.8 %","2.89","4.22","4.79","0.7","12730"
"Aroldis Chapman","Reds","3","3","10","25","0","24.1","15.16","5.55","0.37",".373","87.1 %","32.7 %","4.2 %","2.22","2.38","3.23","0.7","10233"
"Nathan Eovaldi","Yankees","5","1","0","11","11","62.2","6.61","2.59","1.01",".356","78.7 %","48.6 %","12.3 %","4.16","4.06","3.88","0.7","9132"
"Sergio Romo","Giants","0","2","0","27","0","18.1","13.75","2.45","0.49",".366","61.2 %","47.6 %","8.3 %","3.93","1.59","1.80","0.7","9817"
"Glen Perkins","Twins","0","1","20","27","0","26.0","7.96","1.04","0.69",".276","90.5 %","35.1 %","5.7 %","1.73","2.70","3.58","0.7","8041"
"Drew Pomeranz","Athletics","2","3","0","9","8","44.0","6.55","3.27","0.82",".265","59.5 %","39.6 %","7.8 %","4.30","4.00","4.45","0.7","11426"
"Trevor Rosenthal","Cardinals","1","0","18","26","0","27.0","9.33","3.33","0.33",".254","97.7 %","44.1 %","3.7 %","0.67","2.64","3.56","0.6","10745"
"Will Harris","Astros","2","0","0","21","0","26.2","10.46","2.36","0.34",".096","100.0 %","54.7 %","7.1 %","0.34","2.18","2.43","0.6","3192"
"Evan Scribner","Athletics","1","0","0","26","0","30.2","10.27","0.59","0.88",".270","82.6 %","45.9 %","15.0 %","2.05","2.40","2.04","0.6","7525"
"Wandy Rodriguez","Rangers","2","2","0","8","8","45.2","7.69","3.55","0.79",".275","75.8 %","49.6 %","8.9 %","3.55","3.93","4.17","0.6","2586"
"Cody Allen","Indians","0","2","12","24","0","23.1","13.11","5.01","0.39",".375","63.6 %","34.5 %","3.7 %","5.01","2.56","3.63","0.6","12183"
"Yordano Ventura","Royals","3","4","0","10","10","61.1","7.19","2.64","1.03",".278","70.6 %","53.1 %","14.6 %","4.26","4.03","3.64","0.6","11855"
"Zach McAllister","Indians","1","2","0","21","1","30.2","10.86","2.93","0.59",".400","77.4 %","45.1 %","7.1 %","3.82","2.53","2.96","0.6","2895"
"Raisel Iglesias","Reds","1","1","0","6","4","24.2","9.12","3.28","0.36",".351","65.6 %","34.2 %","3.6 %","5.11","2.96","4.02","0.6","17130"
"Carson Smith","Mariners","1","2","0","25","0","24.0","10.50","1.88","0.38",".204","91.4 %","59.3 %","9.1 %","1.13","2.33","2.43","0.6","13172"
"Mat Latos","Marlins","1","4","0","9","9","42.2","7.59","3.38","0.63",".358","59.6 %","38.7 %","6.8 %","6.12","3.47","4.00","0.6","3815"
"Jeurys Familia","Mets","1","0","16","25","0","26.2","10.80","2.36","0.68",".220","93.8 %","60.0 %","15.4 %","1.35","2.48","2.19","0.6","5114"
"Wade Davis","Royals","2","1","7","23","0","23.0","9.39","3.13","0.00",".200","94.7 %","44.4 %","0.0 %","0.39","2.07","3.11","0.6","7441"
"Kenley Jansen","Dodgers","0","0","5","6","0","6.0","16.50","0.00","0.00",".111","100.0 %","50.0 %","0.0 %","0.00","-0.55","0.15","0.6","3096"
"Jimmy Nelson","Brewers","2","6","0","11","11","67.1","8.02","3.34","1.07",".271","67.3 %","49.7 %","13.8 %","4.41","4.22","3.88","0.6","10547"
"Brad Hand","Marlins","1","1","0","16","2","34.0","5.82","2.12","0.00",".315","62.8 %","48.2 %","0.0 %","4.24","2.53","3.64","0.6","9111"
"Carlos Rodon","White Sox","1","0","0","8","5","34.2","9.09","5.71","0.26",".343","77.3 %","43.8 %","3.0 %","3.12","3.38","4.34","0.6","16137"
"Juan Nicasio","Dodgers","1","1","1","18","1","24.1","10.73","4.07","0.00",".283","85.7 %","45.0 %","0.0 %","1.48","2.09","3.19","0.6","7731"
"Pedro Baez","Dodgers","1","0","0","15","0","15.1","12.91","1.76","0.59",".314","80.9 %","41.7 %","7.1 %","1.76","1.68","2.12","0.6","5420"
"Josh Fields","Astros","2","1","0","15","0","14.0","14.79","3.21","0.00",".292","83.3 %","45.8 %","0.0 %","1.29","0.90","2.11","0.6","5070"
"Scott Feldman","Astros","4","4","0","10","10","60.0","5.55","2.10","1.05",".318","66.5 %","49.7 %","15.2 %","4.80","4.10","3.66","0.6","6283"
"Aaron Barrett","Nationals","3","1","0","27","0","19.1","12.10","2.33","0.47",".356","60.2 %","35.6 %","6.7 %","4.66","2.03","2.45","0.5","11243"
"Phil Hughes","Twins","4","5","0","11","11","69.0","5.87","0.91","1.57",".320","72.5 %","33.1 %","12.4 %","4.96","4.42","4.13","0.5","7450"
"Mike Bolsinger","Dodgers","3","1","0","6","6","36.1","6.94","2.97","0.50",".253","86.0 %","55.1 %","7.4 %","1.98","3.37","3.69","0.5","11137"
"Wei-Yin Chen","Orioles","1","4","0","11","11","68.0","7.54","2.25","1.46",".266","79.6 %","37.4 %","12.4 %","3.18","4.43","4.16","0.5","13071"
"Vance Worley","Pirates","2","3","0","10","7","47.0","5.36","2.68","0.38",".333","71.4 %","46.8 %","4.0 %","3.64","3.44","4.38","0.5","6435"
"Josh Collmenter","Diamondbacks","3","5","0","11","11","62.2","4.60","1.29","1.29",".312","66.3 %","35.3 %","11.1 %","5.03","4.40","4.34","0.5","7312"
"Mike Foltynewicz","Braves","3","2","0","7","7","42.0","9.21","3.21","1.07",".319","69.8 %","33.9 %","8.8 %","4.29","3.83","4.19","0.5","10811"
"Roenis Elias","Mariners","2","3","0","8","8","52.0","6.92","2.94","1.04",".286","85.3 %","42.3 %","11.1 %","2.94","4.18","4.13","0.5","12673"
"Arquimedes Caminero","Pirates","0","1","0","25","0","25.1","10.66","3.55","0.36",".254","62.5 %","43.3 %","4.8 %","3.55","2.57","3.21","0.5","8992"
"Will Smith","Brewers","1","0","0","25","0","19.2","13.27","3.66","0.00",".295","68.2 %","41.9 %","0.0 %","1.83","1.54","2.83","0.5","8048"
"Keone Kela","Rangers","4","1","0","26","0","24.2","8.03","2.55","0.36",".315","84.5 %","45.9 %","4.0 %","1.82","2.71","3.61","0.5","14696"
"Sam Dyson","Marlins","2","2","0","26","0","27.2","8.78","3.58","0.00",".297","72.7 %","68.1 %","0.0 %","2.93","2.36","2.82","0.5","11710"
"Tony Watson","Pirates","1","1","1","29","0","30.2","8.51","1.76","0.59",".244","83.3 %","48.1 %","8.0 %","1.76","2.76","3.05","0.5","3132"
"Jared Hughes","Pirates","1","1","0","28","0","23.2","7.99","1.90","0.00",".397","73.0 %","59.7 %","0.0 %","3.42","2.36","3.36","0.5","9325"
"Mike Pelfrey","Twins","4","2","0","10","10","59.0","4.12","2.75","0.46",".272","80.5 %","55.8 %","6.3 %","2.59","4.14","4.61","0.5","5203"
"Stephen Strasburg","Nationals","3","5","0","10","10","45.1","8.93","2.78","1.19",".389","59.2 %","42.1 %","12.2 %","6.55","3.98","3.77","0.5","10131"
"James Shields","Padres","7","0","0","12","12","75.1","10.99","2.51","1.79",".304","84.0 %","42.2 %","20.3 %","3.58","4.30","3.09","0.5","7059"
"Huston Street","Angels","2","2","17","23","0","23.0","9.78","1.96","0.78",".241","76.9 %","25.0 %","7.1 %","2.74","2.73","3.30","0.5","8258"
"Anibal Sanchez","Tigers","3","7","0","12","12","74.1","8.35","2.78","1.57",".292","62.7 %","36.6 %","14.8 %","5.69","4.50","3.89","0.5","3284"
"Shane Greene","Tigers","4","5","0","12","12","65.0","5.68","2.49","1.11",".300","61.4 %","44.9 %","12.5 %","5.40","4.47","4.25","0.5","10756"
"Seth Maness","Cardinals","1","0","3","27","0","21.1","6.33","0.42","0.42",".380","73.4 %","58.6 %","6.7 %","3.80","2.60","2.98","0.5","12235"
"Rubby de la Rosa","Diamondbacks","4","2","0","11","11","69.0","8.74","2.35","1.57",".286","66.5 %","48.2 %","19.0 %","5.09","4.31","3.33","0.5","3862"
"Jorge de la Rosa","Rockies","2","2","0","7","7","33.2","9.89","5.08","0.80",".337","58.2 %","51.5 %","12.0 %","6.15","3.77","3.65","0.5","2047"
"Mark Buehrle","Blue Jays","7","4","0","11","11","72.1","3.98","1.87","1.12",".290","73.1 %","45.2 %","11.0 %","4.35","4.51","4.49","0.5","225"
"Hunter Strickland","Giants","0","0","0","7","0","9.2","10.24","0.93","0.00",".200","60.0 %","35.0 %","0.0 %","1.86","1.15","2.31","0.5","7836"
"Jonathan Papelbon","Phillies","1","0","11","22","0","22.0","11.05","2.45","0.41",".240","92.2 %","49.0 %","6.3 %","1.23","2.48","2.91","0.5","5975"
"Kyle Lobstein","Tigers","3","5","0","8","8","47.2","3.78","3.02","0.57",".303","69.4 %","55.8 %","7.3 %","4.34","4.10","4.49","0.5","9178"
"Adam Warren","Yankees","3","4","0","10","10","57.2","5.62","2.97","1.09",".257","73.5 %","46.0 %","11.7 %","3.75","4.49","4.37","0.5","9029"
"Francisco Rodriguez","Brewers","0","2","9","19","0","19.0","10.42","2.84","0.47",".238","89.7 %","41.9 %","7.7 %","1.42","2.43","2.71","0.4","1642"
"Brandon Morrow","Padres","2","0","0","5","5","33.0","6.27","1.91","0.82",".280","81.8 %","47.4 %","10.0 %","2.73","3.54","3.64","0.4","9346"
"Brandon Gomes","Rays","1","2","0","19","0","20.1","7.97","1.33","0.89",".288","89.1 %","36.7 %","7.1 %","2.21","3.22","3.87","0.4","2267"
"Carter Capps","Marlins","1","0","0","8","0","11.0","15.55","1.64","0.00",".278","87.5 %","52.9 %","0.0 %","0.82","0.48","1.12","0.4","12803"
"Fernando Salas","Angels","0","1","0","24","0","22.0","8.18","1.23","0.41",".294","63.6 %","37.9 %","4.0 %","4.09","2.44","3.44","0.4","4971"
"Adam Ottavino","Rockies","1","0","3","10","0","10.1","11.32","1.74","0.00",".158","100.0 %","63.2 %","0.0 %","0.00","1.47","2.29","0.4","1247"
"Carlos Frias","Dodgers","4","3","0","9","7","42.1","5.31","2.76","0.64",".340","69.6 %","57.9 %","10.3 %","4.25","3.85","3.89","0.4","3547"
"Michael Blazek","Brewers","4","1","0","22","0","29.1","8.28","3.07","0.00",".205","76.9 %","56.4 %","0.0 %","1.23","2.30","3.40","0.4","9654"
"Robbie Ray","Diamondbacks","1","0","0","2","2","11.0","7.36","0.82","0.00",".324","91.7 %","39.4 %","0.0 %","0.82","1.75","3.28","0.4","11486"
"Adam Liberatore","Dodgers","1","1","0","17","0","16.1","8.82","2.20","0.00",".256","66.7 %","45.2 %","0.0 %","2.76","1.89","3.10","0.4","10637"
"Erasmo Ramirez","Rays","4","2","0","14","7","47.2","7.74","3.40","0.76",".280","61.6 %","50.4 %","10.3 %","5.10","3.94","3.99","0.4","10314"
"James Paxton","Mariners","3","3","0","10","10","58.1","6.94","3.39","1.08",".266","72.5 %","48.6 %","10.8 %","3.70","4.27","4.27","0.4","11828"
"Jered Weaver","Angels","4","5","0","12","12","76.1","4.72","1.18","1.53",".276","72.6 %","38.6 %","12.0 %","4.60","4.76","4.53","0.4","4235"
"Brad Boxberger","Rays","3","3","15","23","0","21.1","12.23","4.22","0.84",".289","81.1 %","34.8 %","9.1 %","2.95","3.02","3.25","0.4","10133"
"Enrique Burgos","Diamondbacks","0","2","2","13","0","13.2","16.46","5.27","0.66",".440","64.5 %","46.2 %","14.3 %","4.61","2.17","1.93","0.4","3895"
"Liam Hendriks","Blue Jays","0","0","0","19","0","24.1","9.99","1.48","0.74",".254","52.1 %","54.1 %","12.5 %","3.70","2.58","2.44","0.4","3548"
"Miguel Gonzalez","Orioles","5","4","0","11","11","68.2","7.60","2.88","1.44",".234","80.5 %","40.4 %","16.2 %","3.54","4.65","3.95","0.4","7024"
"Christian Friedrich","Rockies","0","1","0","24","0","24.1","7.77","2.22","0.37",".367","63.6 %","44.3 %","4.2 %","4.81","2.67","3.51","0.4","7942"
"Andrew Chafin","Diamondbacks","4","0","0","22","0","29.0","6.21","2.79","0.31",".275","71.4 %","63.6 %","6.7 %","3.41","3.12","3.40","0.4","12988"
"Brandon Maurer","Padres","1","0","0","25","0","27.0","6.67","2.00","0.33",".189","77.7 %","41.9 %","3.7 %","2.00","2.90","3.82","0.4","4878"
"Jordan Walden","Cardinals","0","1","1","12","0","10.1","10.45","3.48","0.00",".269","90.9 %","42.3 %","0.0 %","0.87","1.96","3.04","0.4","3271"
"Tony Sipp","Astros","2","2","0","21","0","19.2","10.07","1.37","0.92",".245","79.0 %","38.8 %","9.1 %","2.29","2.81","3.06","0.4","8280"
"Blaine Hardy","Tigers","2","0","0","23","0","23.0","6.65","3.52","0.00",".271","67.9 %","30.9 %","0.0 %","2.74","2.81","4.83","0.4","6499"
"Alex Wilson","Tigers","1","2","0","16","1","28.0","5.14","1.29","0.32",".182","75.3 %","48.7 %","3.4 %","1.93","2.98","3.96","0.4","9239"
"Dillon Gee","Mets","0","3","0","6","6","34.1","5.50","2.36","0.79",".322","66.2 %","55.1 %","9.7 %","4.46","3.90","4.03","0.4","7396"
"Matt Belisle","Cardinals","1","1","0","22","0","23.1","6.94","3.47","0.00",".347","82.9 %","48.6 %","0.0 %","2.31","2.73","3.99","0.4","1837"
"John Axford","Rockies","1","0","10","17","0","16.0","6.75","3.38","0.00",".234","88.2 %","55.3 %","0.0 %","0.56","2.74","3.97","0.4","9059"
"Hector Rondon","Cubs","3","0","10","23","0","23.1","8.10","2.31","0.77",".313","80.2 %","49.3 %","11.8 %","3.09","3.20","3.11","0.3","2391"
"Rafael Montero","Mets","0","1","0","5","1","10.0","11.70","4.50","0.00",".321","57.1 %","48.1 %","0.0 %","4.50","2.02","3.28","0.3","12760"
"Eduardo Rodriguez","Red Sox","2","0","0","2","2","14.2","8.59","2.45","0.61",".118","100.0 %","47.1 %","9.1 %","0.61","2.91","3.08","0.3","13164"
"Koji Uehara","Red Sox","2","3","12","21","0","18.0","10.00","3.00","1.00",".239","61.7 %","34.8 %","8.3 %","2.50","3.34","3.77","0.3","9227"
"Addison Reed","Diamondbacks","2","2","2","21","0","21.0","8.14","3.86","0.43",".338","68.6 %","44.6 %","4.0 %","4.71","3.21","4.26","0.3","10586"
"Rafael Betancourt","Rockies","2","2","1","22","0","19.0","9.47","1.42","0.95",".269","43.2 %","22.6 %","6.9 %","5.21","2.86","3.63","0.3","177"
"Nate Karns","Rays","3","2","0","11","11","62.0","8.13","3.92","1.16",".227","76.4 %","46.7 %","12.7 %","3.63","4.39","4.14","0.3","12638"
"Chasen Shreve","Yankees","2","1","0","19","0","24.1","9.25","2.59","0.74",".224","84.2 %","35.6 %","6.9 %","2.22","3.12","3.72","0.3","10855"
"Steve Geltz","Rays","1","1","2","23","1","21.1","10.55","4.64","0.42",".224","75.2 %","43.8 %","5.9 %","2.95","3.07","3.58","0.3","8402"
"Junichi Tazawa","Red Sox","0","1","0","27","0","24.2","9.12","1.82","1.09",".233","100.0 %","41.9 %","12.5 %","1.46","3.28","3.06","0.3","4079"
"Chris Tillman","Orioles","3","7","0","11","11","59.1","6.67","4.70","1.06",".324","68.0 %","41.3 %","10.1 %","5.61","4.84","4.93","0.3","5279"
"Tom Wilhelmsen","Mariners","1","1","0","11","0","13.2","9.22","2.63","0.00",".419","81.8 %","46.3 %","0.0 %","2.63","1.95","3.08","0.3","9975"
"Jason Grilli","Braves","0","2","15","18","0","17.1","12.46","3.63","1.04",".357","75.5 %","25.0 %","11.1 %","4.15","3.06","3.02","0.3","521"
"Marco Estrada","Blue Jays","2","3","0","12","6","45.1","7.54","3.18","1.19",".260","74.6 %","36.0 %","10.2 %","3.77","4.35","4.46","0.3","1118"
"Casey Fien","Twins","1","2","0","14","0","14.1","4.40","0.00","0.63",".271","71.4 %","29.2 %","4.2 %","3.14","3.05","4.49","0.3","3926"
"Ryan Pressly","Twins","3","1","0","15","0","16.1","8.27","3.31","0.00",".244","70.6 %","48.9 %","0.0 %","2.76","2.38","3.67","0.3","7005"
"Vidal Nuno","Diamondbacks","0","1","0","3","0","14.1","11.93","3.14","0.63",".273","88.2 %","44.1 %","6.7 %","1.88","2.42","2.98","0.3","9674"
"Justin Wilson","Yankees","2","0","0","26","0","17.2","7.13","4.08","0.00",".271","59.1 %","48.9 %","0.0 %","4.58","3.06","3.86","0.3","4301"
"Jeff Locke","Pirates","3","3","0","10","10","55.2","7.28","3.72","0.97",".333","66.2 %","50.9 %","12.2 %","5.34","4.20","4.03","0.3","2929"
"Tony Cingrani","Reds","0","2","0","20","0","21.2","10.38","6.65","0.00",".260","76.7 %","36.2 %","0.0 %","2.91","3.16","4.20","0.3","12555"
"Chris Martin","Yankees","0","1","1","15","0","12.2","9.24","2.13","0.00",".308","68.8 %","56.4 %","0.0 %","3.55","2.01","2.79","0.3","11847"
"Tim Lincecum","Giants","6","3","0","11","11","63.0","7.00","4.00","0.86",".274","79.4 %","47.5 %","9.5 %","3.29","4.18","4.35","0.3","5705"
"Ken Giles","Phillies","1","1","0","25","0","23.1","8.87","3.86","0.39",".304","65.4 %","42.9 %","3.4 %","2.31","2.99","4.18","0.3","12910"
"J.J. Hoover","Reds","4","0","0","24","0","21.1","7.17","4.64","0.00",".183","63.6 %","49.1 %","0.0 %","2.11","3.07","4.06","0.3","9037"
"Tom Koehler","Marlins","4","3","0","12","11","65.1","6.20","3.58","0.96",".277","75.5 %","43.5 %","9.1 %","3.72","4.37","4.63","0.3","6570"
"Jeanmar Gomez","Phillies","0","1","0","23","0","25.2","4.91","2.45","0.00",".310","75.8 %","43.4 %","0.0 %","2.45","2.85","4.65","0.3","9033"
"Jon Niese","Mets","3","6","0","11","11","63.0","6.43","2.57","1.14",".329","67.6 %","53.5 %","15.7 %","4.43","4.34","3.82","0.3","4424"
"John Danks","White Sox","3","4","0","10","10","58.0","6.67","2.79","1.40",".307","68.6 %","34.5 %","11.4 %","4.81","4.69","4.58","0.3","6329"
"Daniel Hudson","Diamondbacks","1","1","0","20","1","25.2","9.12","2.45","1.05",".292","67.2 %","43.2 %","11.5 %","3.51","3.43","3.33","0.3","7146"
"Kevin Siegrist","Cardinals","2","0","1","27","0","23.2","11.79","3.80","0.76",".316","92.2 %","19.3 %","6.5 %","1.90","2.99","3.73","0.3","8180"
"Erik Goeddel","Mets","0","0","0","21","0","22.0","9.41","2.45","0.41",".276","84.1 %","37.9 %","4.5 %","2.05","2.57","3.38","0.3","11712"
"Joe Kelly","Red Sox","1","4","0","10","10","54.0","7.67","3.67","1.17",".301","62.7 %","49.7 %","14.0 %","5.83","4.38","3.99","0.3","9761"
"Dan Haren","Marlins","6","2","0","11","11","68.0","6.09","1.85","1.46",".241","85.6 %","35.0 %","11.6 %","3.18","4.57","4.43","0.3","1757"
"Charlie Furbush","Mariners","0","1","0","23","0","14.0","5.79","2.57","0.00",".150","72.7 %","50.0 %","0.0 %","1.29","2.90","4.31","0.3","1370"
"Pat Neshek","Astros","3","0","1","24","0","20.2","8.27","0.00","1.31",".180","89.7 %","34.6 %","11.1 %","2.18","3.17","3.11","0.3","4682"
"Rick Porcello","Red Sox","4","5","0","11","11","70.0","7.07","2.31","1.41",".288","67.9 %","43.1 %","13.1 %","5.01","4.49","4.13","0.3","2717"
"Yimi Garcia","Dodgers","2","2","1","25","0","22.0","14.73","3.68","1.64",".302","78.4 %","23.9 %","14.3 %","4.09","3.44","2.86","0.3","12095"
"Joe Thatcher","Astros","1","1","0","18","0","10.2","10.13","3.38","0.00",".321","76.9 %","46.4 %","0.0 %","2.53","1.99","3.31","0.3","4620"
"Brad Brach","Orioles","3","1","1","19","0","25.1","11.01","3.55","1.07",".288","69.8 %","44.3 %","12.5 %","4.26","3.39","3.18","0.3","6627"
"Fernando Rodriguez","Athletics","0","1","0","13","0","13.0","10.38","2.77","0.00",".351","55.6 %","33.3 %","0.0 %","5.54","1.96","3.80","0.3","7558"
"Jake McGee","Rays","0","0","0","8","0","7.0","14.14","0.00","1.29",".267","27.8 %","31.3 %","12.5 %","3.86","1.83","1.58","0.2","7550"
"Tyler Cravy","Brewers","0","1","0","1","1","7.0","7.71","2.57","0.00",".267","83.3 %","60.0 %","0.0 %","1.29","2.26","2.86","0.2","10770"
"Tommy Hunter","Orioles","2","1","0","22","0","22.2","6.35","1.19","0.79",".310","63.5 %","49.3 %","8.3 %","4.37","3.38","3.72","0.2","1157"
"Buddy Carlyle","Mets","1","0","1","11","0","8.0","6.75","1.13","0.00",".320","44.4 %","44.0 %","0.0 %","5.63","1.99","3.57","0.2","2010"
"Williams Perez","Braves","1","0","0","6","4","25.1","8.53","5.33","0.71",".324","81.2 %","54.2 %","11.1 %","3.55","4.14","4.11","0.2","11592"
"Henderson Alvarez","Marlins","0","4","0","4","4","22.1","3.63","2.82","0.40",".318","50.6 %","57.3 %","6.3 %","6.45","3.83","4.26","0.2","5669"
"Carlos Villanueva","Cardinals","3","1","0","13","0","22.0","7.77","3.27","0.41",".196","96.9 %","35.7 %","3.8 %","0.41","3.21","4.28","0.2","4138"
"Jeremy Hellickson","Diamondbacks","4","3","0","11","11","62.2","6.46","3.02","1.29",".298","72.4 %","46.0 %","13.4 %","4.88","4.60","4.23","0.2","4371"
"Matt Thornton","Nationals","0","0","0","21","0","14.0","5.14","2.57","0.00",".182","61.5 %","43.2 %","0.0 %","1.93","3.05","4.75","0.2","1918"
"Tom Layne","Red Sox","0","1","0","19","0","16.1","8.27","4.41","0.00",".273","76.2 %","58.1 %","0.0 %","2.76","2.93","3.88","0.2","7501"
"Carlos Torres","Mets","2","2","0","27","0","23.0","7.04","1.96","0.78",".299","70.3 %","52.2 %","10.5 %","3.91","3.34","3.36","0.2","7624"
"Mark Lowe","Mariners","0","0","0","14","0","14.2","8.59","3.68","0.00",".297","83.3 %","40.5 %","0.0 %","0.61","2.64","3.60","0.2","7416"
"Boone Logan","Rockies","0","1","0","22","0","18.1","12.27","4.42","0.49",".375","74.3 %","42.6 %","4.8 %","4.42","3.06","3.96","0.2","5525"
"Miguel Socolovich","Cardinals","2","0","0","7","0","7.2","9.39","1.17","0.00",".250","83.3 %","55.0 %","0.0 %","1.17","1.42","2.34","0.2","6697"
"Charlie Morton","Pirates","3","0","0","3","3","19.0","2.84","1.89","0.47",".262","68.0 %","74.2 %","20.0 %","2.84","3.80","3.49","0.2","4676"
"Kyle Gibson","Twins","4","3","0","11","11","69.0","5.09","2.74","1.04",".265","82.5 %","53.2 %","13.8 %","3.00","4.58","4.25","0.2","10123"
"Hansel Robles","Mets","0","1","0","14","0","11.1","10.32","3.18","0.79",".290","47.6 %","28.1 %","6.3 %","5.56","3.03","3.86","0.2","11801"
"Wily Peralta","Brewers","1","5","0","9","9","54.0","5.83","2.33","1.33",".320","79.7 %","53.7 %","16.3 %","4.00","4.64","3.98","0.2","7738"
"Ryan Madson","Royals","0","1","0","23","0","24.2","8.76","2.92","0.73",".213","89.6 %","59.7 %","10.0 %","1.82","3.32","3.40","0.2","1852"
"Pedro Strop","Cubs","1","3","1","28","0","25.0","9.72","3.60","0.72",".211","60.3 %","55.2 %","12.5 %","3.60","3.44","3.30","0.2","4070"
"Nicholas Tropeano","Angels","1","0","0","1","1","6.0","7.50","1.50","0.00",".278","100.0 %","50.0 %","0.0 %","0.00","1.95","3.59","0.2","12385"
"Severino Gonzalez","Phillies","2","1","0","4","4","17.0","6.88","1.59","1.06",".421","62.5 %","33.9 %","8.7 %","6.88","3.82","4.19","0.2","14697"
"Jerry Blevins","Mets","1","0","0","7","0","5.0","7.20","0.00","0.00",".000","100.0 %","54.5 %","0.0 %","0.00","1.52","1.80","0.2","7841"
"Luke Hochevar","Royals","0","0","0","8","0","7.0","10.29","1.29","0.00",".500","69.2 %","33.3 %","0.0 %","5.14","1.26","3.46","0.2","6943"
"Yohan Pino","Royals","0","1","0","6","0","14.0","8.36","1.29","0.64",".268","95.2 %","32.5 %","5.3 %","0.64","2.62","3.59","0.2","6955"
"Chris Rusin","Rockies","1","0","0","2","1","11.2","5.40","3.86","0.00",".222","92.3 %","45.7 %","0.0 %","0.77","3.20","4.17","0.2","9895"
"Craig Kimbrel","Padres","1","1","12","22","0","20.0","13.05","3.60","1.35",".370","71.4 %","36.7 %","18.8 %","4.50","3.37","2.54","0.2","6655"
"Danny Duffy","Royals","2","3","0","8","8","38.1","7.04","4.46","0.94",".341","66.8 %","37.1 %","9.1 %","5.87","4.55","4.81","0.2","3542"
"Taylor Jordan","Nationals","0","2","0","2","1","10.2","4.22","2.53","0.00",".372","47.4 %","45.2 %","0.0 %","8.44","3.02","4.47","0.2","10466"
"Joba Chamberlain","Tigers","0","1","0","21","0","15.2","5.74","1.72","0.57",".346","77.7 %","38.5 %","8.3 %","1.15","3.25","3.49","0.2","2692"
"Franklin Morales","Royals","3","0","0","21","0","22.2","5.16","1.59","0.40",".217","64.5 %","51.4 %","5.3 %","3.18","3.07","3.68","0.2","5088"
"Marc Rzepczynski","Indians","1","2","0","27","0","13.2","10.54","3.29","0.66",".343","54.2 %","74.3 %","33.3 %","3.29","2.83","2.18","0.2","6612"
"Jason Vargas","Royals","4","2","0","7","7","35.2","5.80","2.78","1.26",".302","70.5 %","40.0 %","10.0 %","4.79","4.58","4.72","0.2","8044"
"Paco Rodriguez","Dodgers","0","0","0","18","0","10.1","6.97","2.61","0.00",".323","76.9 %","48.4 %","0.0 %","2.61","2.44","3.39","0.2","13398"
"Blake Treinen","Nationals","1","2","0","22","0","28.1","10.16","4.13","0.64",".329","69.9 %","68.0 %","25.0 %","4.13","3.26","2.74","0.2","12572"
"Justin Grimm","Cubs","1","1","0","13","0","10.1","15.68","6.10","0.87",".333","95.2 %","55.6 %","25.0 %","1.74","2.92","2.21","0.2","11720"
"Kevin Quackenbush","Padres","1","1","0","16","0","17.2","8.66","4.58","0.00",".358","71.4 %","45.3 %","0.0 %","3.57","2.72","3.83","0.2","12360"
"Luis Avilan","Braves","2","1","0","29","0","21.2","5.82","2.49","0.42",".269","72.0 %","48.4 %","5.9 %","3.32","3.26","3.76","0.2","2882"
"Chad Qualls","Astros","1","3","4","22","0","20.1","9.74","1.33","1.33",".264","67.4 %","72.2 %","30.0 %","4.43","3.61","2.38","0.2","2170"
"Ryan Mattheus","- - -","0","1","0","9","0","9.1","6.75","0.96","0.00",".250","66.7 %","75.0 %","0.0 %","1.93","2.26","2.71","0.2","7169"
"Jaime Garcia","Cardinals","1","2","0","3","3","20.0","5.40","2.25","0.90",".246","76.9 %","67.2 %","20.0 %","2.70","3.97","3.37","0.2","8137"
"Javier Lopez","Giants","0","0","0","27","0","14.2","6.14","3.07","0.00",".135","80.0 %","75.7 %","0.0 %","1.23","2.78","3.35","0.2","1663"
"Chaz Roe","Orioles","0","0","0","6","0","9.1","10.61","2.89","0.00",".238","100.0 %","60.0 %","0.0 %","0.00","1.73","2.18","0.2","9866"
"J.P. Howell","Dodgers","2","1","0","20","0","14.0","5.79","3.21","0.00",".306","90.0 %","55.1 %","0.0 %","0.64","2.90","4.31","0.2","8245"
"Alex Gonzalez","Rangers","2","0","0","2","2","14.2","2.45","4.30","0.00",".116","100.0 %","57.1 %","0.0 %","0.00","4.00","5.15","0.2","14663"
"Brett Oberholtzer","Astros","0","0","0","2","2","8.1","6.48","4.32","0.00",".444","81.3 %","51.9 %","0.0 %","3.24","3.12","3.79","0.2","3855"
"Daniel Webb","White Sox","0","0","0","3","0","5.1","10.13","1.69","0.00",".333","100.0 %","41.7 %","0.0 %","0.00","1.43","1.96","0.2","10558"
"Chris Capuano","Yankees","0","3","0","4","3","13.0","9.00","2.77","1.38",".378","59.4 %","47.8 %","15.4 %","6.23","4.04","3.44","0.2","1701"
"Mike Wright","Orioles","2","1","0","4","4","24.1","5.92","1.48","1.48",".239","88.8 %","43.2 %","14.3 %","2.96","4.68","4.16","0.2","12586"
"Caleb Thielbar","Twins","0","0","0","6","0","5.0","9.00","0.00","0.00",".333","40.0 %","69.2 %","0.0 %","5.40","1.12","2.24","0.2","10078"
"Tsuyoshi Wada","Cubs","0","1","0","4","4","19.1","9.31","3.26","1.40",".308","79.0 %","41.5 %","15.8 %","4.19","4.31","3.67","0.2","13046"
"Darren O'Day","Orioles","2","0","1","22","0","20.1","10.18","1.77","1.33",".180","100.0 %","42.3 %","13.0 %","0.89","3.66","3.33","0.2","3321"
"Nick Vincent","Padres","0","1","0","7","0","7.1","8.59","2.45","0.00",".500","60.0 %","23.1 %","0.0 %","6.14","2.03","3.56","0.2","7555"
"Christian Bergman","Rockies","2","0","0","13","1","30.1","5.34","2.08","0.89",".333","72.2 %","45.1 %","8.8 %","4.45","3.91","4.20","0.2","10925"
"Jim Johnson","Braves","1","3","2","26","0","24.2","8.03","3.28","0.73",".297","73.7 %","57.5 %","11.1 %","3.28","3.60","3.57","0.1","3656"
"Tyler Lyons","Cardinals","0","0","0","3","3","13.0","11.77","3.46","1.38",".410","64.4 %","41.0 %","18.2 %","5.54","3.66","2.84","0.1","11334"
"Asher Wojciechowski","Astros","0","1","0","4","3","16.0","9.00","3.94","1.13",".396","62.5 %","20.4 %","7.7 %","7.31","4.06","4.71","0.1","10836"
"Drew Smyly","Rays","0","1","0","3","3","16.2","11.34","1.62","2.16",".171","100.0 %","44.7 %","23.5 %","2.70","4.26","2.57","0.1","11760"
"Michael Montgomery","Mariners","0","0","0","1","1","6.0","6.00","3.00","0.00",".222","83.3 %","55.6 %","0.0 %","1.50","2.79","4.19","0.1","4869"
"Joakim Soria","Tigers","2","0","15","24","0","23.2","7.23","1.52","1.14",".167","100.0 %","48.4 %","13.0 %","1.52","3.67","3.38","0.1","6941"
"James Russell","Cubs","0","1","0","15","0","11.1","4.76","3.18","0.00",".286","78.6 %","54.5 %","0.0 %","1.59","3.12","4.48","0.1","4089"
"Chris Hatcher","Dodgers","1","4","2","25","0","17.0","9.00","3.71","0.53",".370","49.0 %","43.4 %","5.3 %","6.88","3.47","4.27","0.1","3299"
"Jake Petricka","White Sox","1","1","1","21","0","18.0","6.50","3.00","0.50",".383","76.9 %","61.7 %","11.1 %","4.00","3.40","3.37","0.1","10534"
"George Kontos","Giants","1","0","0","26","0","29.1","5.83","1.53","0.61",".227","86.8 %","43.7 %","8.0 %","1.84","3.22","3.53","0.1","9486"
"Tyler Wilson","Orioles","1","1","0","3","1","8.0","2.25","1.13","0.00",".333","75.0 %","43.3 %","0.0 %","3.38","3.37","5.12","0.1","12691"
"J.C. Ramirez","Diamondbacks","1","1","0","10","0","11.1","7.15","1.59","0.79",".343","66.2 %","63.9 %","11.1 %","4.76","3.21","3.17","0.1","8302"
"A.J. Cole","Nationals","0","0","1","3","1","9.1","8.68","0.96","0.96",".394","29.4 %","36.4 %","8.3 %","5.79","2.90","3.31","0.1","11467"
"Kyle Lohse","Brewers","3","6","0","12","12","68.1","7.24","1.98","1.84",".308","60.2 %","36.4 %","16.3 %","6.59","4.92","4.02","0.1","739"
"Cesar Ramos","Angels","2","0","0","23","0","14.1","6.28","1.88","0.63",".349","86.7 %","47.6 %","9.1 %","2.51","3.68","3.85","0.1","3357"
"Elvis Araujo","Phillies","1","1","0","9","0","8.2","7.27","5.19","0.00",".385","80.0 %","52.0 %","0.0 %","2.08","3.23","4.04","0.1","12854"
"Joel Peralta","Dodgers","1","0","3","7","0","5.2","6.35","4.76","0.00",".143","100.0 %","14.3 %","0.0 %","0.00","3.29","5.27","0.1","2332"
"Sean Gilmartin","Mets","0","0","0","21","0","18.1","5.89","2.95","0.49",".255","81.6 %","53.6 %","5.3 %","2.45","3.50","4.24","0.1","12781"
"Edwin Jackson","Cubs","2","1","0","14","0","15.2","6.32","4.02","0.00",".294","65.2 %","46.9 %","0.0 %","2.87","3.25","4.77","0.1","1841"
"Vin Mazzaro","Marlins","0","0","0","5","0","6.2","4.05","1.35","0.00",".333","77.8 %","29.2 %","0.0 %","1.35","2.67","4.77","0.1","5231"
"Luke Gregerson","Astros","2","0","15","24","0","23.2","10.27","2.28","1.52",".255","76.1 %","56.9 %","22.2 %","3.42","3.79","2.66","0.1","4090"
"Chase Whitley","Yankees","1","2","0","4","4","19.1","7.45","2.33","1.40",".293","79.0 %","49.2 %","13.6 %","4.19","4.57","4.14","0.1","10982"
"Casey Janssen","Nationals","0","1","0","6","0","5.2","4.76","3.18","0.00",".316","50.0 %","33.3 %","0.0 %","6.35","3.12","4.60","0.1","7355"
"Jeff Francis","Blue Jays","1","2","0","8","0","12.0","11.25","3.75","0.75",".429","58.3 %","30.6 %","8.3 %","6.75","3.20","3.52","0.1","4684"
"Felipe Rivero","Nationals","0","0","0","2","0","2.1","19.29","3.86","0.00",".600","75.0 %","60.0 %","0.0 %","3.86","0.12","0.72","0.1","12076"
"Brooks Brown","Rockies","0","2","0","20","0","19.2","5.49","4.12","0.46",".250","69.1 %","54.1 %","6.7 %","4.12","3.93","4.34","0.1","5679"
"Kenneth Roberts","Rockies","0","0","0","8","0","9.0","5.00","2.00","0.00",".364","66.7 %","42.4 %","0.0 %","5.00","3.01","5.19","0.1","10938"
"Anthony Varvaro","Red Sox","0","1","0","9","0","11.0","6.55","4.91","0.00",".378","75.0 %","47.2 %","0.0 %","4.09","3.30","4.45","0.1","2385"
"Anthony Swarzak","Indians","0","0","0","10","0","13.1","8.78","2.70","0.68",".395","63.1 %","43.2 %","9.1 %","3.38","3.04","3.22","0.1","7466"
"Aaron Thompson","Twins","1","1","0","27","0","24.2","5.11","2.55","0.73",".256","72.5 %","37.2 %","6.5 %","3.65","3.89","4.60","0.1","999"
"Gonzalez Germen","Cubs","0","0","0","6","0","6.0","12.00","7.50","0.00",".500","61.5 %","53.3 %","0.0 %","7.50","2.95","3.89","0.1","5876"
"Andrew McKirahan","Braves","0","0","0","3","0","4.1","4.15","2.08","0.00",".231","50.0 %","66.7 %","0.0 %","4.15","2.89","3.86","0.1","12870"
"Tyler Clippard","Athletics","0","2","9","23","0","24.0","7.50","4.88","0.75",".212","87.8 %","17.6 %","4.4 %","2.25","4.16","5.71","0.1","5640"
"Roberto Hernandez","Astros","2","5","0","11","11","66.0","4.23","2.73","1.23",".297","60.7 %","52.4 %","13.6 %","5.18","4.91","4.54","0.1","3273"
"Phil Coke","Cubs","0","0","0","16","0","10.0","8.10","2.70","0.90",".406","64.1 %","63.6 %","20.0 %","6.30","3.52","2.92","0.1","5535"
"Taijuan Walker","Mariners","2","6","0","11","11","59.0","8.24","3.66","1.53",".308","65.3 %","39.4 %","13.9 %","5.80","4.81","4.32","0.1","11836"
"Daniel Norris","Blue Jays","1","1","0","5","5","23.1","6.94","4.63","1.16",".294","79.3 %","30.0 %","8.8 %","3.86","5.05","5.42","0.1","13475"
"Brad Peacock","Astros","0","1","0","1","1","5.0","5.40","3.60","0.00",".313","62.5 %","31.3 %","0.0 %","5.40","3.72","5.40","0.1","5401"
"Manny Parra","Reds","0","1","0","10","0","6.2","5.40","4.05","0.00",".318","80.0 %","61.9 %","0.0 %","1.35","3.27","3.90","0.1","4279"
"Jose Dominguez","Rays","1","0","0","4","0","5.2","7.94","3.18","0.00",".167","100.0 %","72.7 %","0.0 %","0.00","2.41","2.66","0.1","11571"
"John Leathersich","Mets","0","0","0","11","0","8.1","9.72","5.40","0.00",".381","92.9 %","47.6 %","0.0 %","1.08","3.12","4.30","0.1","12562"
"Zach Putnam","White Sox","1","1","0","19","0","17.2","13.25","4.08","1.53",".316","76.9 %","47.4 %","23.1 %","4.08","4.08","2.90","0.1","9080"
"Chris Beck","White Sox","0","1","0","1","1","6.0","4.50","6.00","0.00",".417","64.3 %","47.8 %","0.0 %","6.00","4.12","5.99","0.1","13418"
"Mark Melancon","Pirates","0","1","17","27","0","26.2","4.39","1.69","0.68",".267","80.9 %","62.5 %","9.5 %","2.36","3.68","3.81","0.1","4264"
"Kevin Jepsen","Rays","1","3","3","26","0","24.0","7.88","4.50","0.75",".227","84.0 %","50.7 %","10.0 %","1.88","3.95","4.04","0.1","6475"
"Alex Colome","Rays","3","2","0","7","7","35.2","6.81","2.02","1.77",".315","75.2 %","40.2 %","18.4 %","5.05","4.91","3.86","0.1","6661"
"Joshua Ravin","Dodgers","1","0","0","2","0","2.1","7.71","0.00","0.00",".286","100.0 %","57.1 %","0.0 %","0.00","1.40","2.61","0.0","2951"
"Joe Blanton","Royals","0","0","0","5","0","9.0","7.00","1.00","1.00",".286","69.8 %","46.4 %","11.1 %","3.00","3.34","3.30","0.0","4849"
"Matt Grace","Nationals","2","1","0","17","0","12.0","7.50","6.00","0.00",".452","71.4 %","61.9 %","0.0 %","5.25","3.70","4.40","0.0","11449"
"Kelvin Herrera","Royals","1","1","0","21","0","20.0","9.90","4.50","0.90",".213","93.8 %","53.1 %","15.4 %","1.80","3.72","3.33","0.0","6033"
"Yohan Flande","Rockies","0","0","0","3","0","7.1","3.68","3.68","0.00",".379","57.1 %","53.8 %","0.0 %","7.36","3.53","4.67","0.0","5057"
"Randall Delgado","Diamondbacks","2","2","1","22","0","27.1","8.23","2.63","1.32",".316","82.8 %","44.6 %","12.9 %","3.29","4.07","3.76","0.0","5985"
"Blaine Boyer","Twins","1","2","1","27","0","27.1","3.95","1.98","0.66",".261","81.6 %","49.4 %","8.3 %","2.30","3.85","4.13","0.0","2237"
"Sean Doolittle","Athletics","0","0","0","1","0","1.0","18.00","0.00","0.00",".500","100.0 %","0.0 %","0.0 %","0.00","-0.88","0.52","0.0","1581"
"Bryan Morris","Marlins","3","1","0","27","0","26.2","7.76","4.05","0.68",".402","77.9 %","63.2 %","13.3 %","4.05","3.72","3.53","0.0","10234"
"Danny Farquhar","Mariners","0","3","0","20","0","23.2","7.61","3.04","1.14",".351","56.2 %","40.3 %","12.5 %","6.46","4.22","3.99","0.0","8501"
"Cam Bedrosian","Angels","0","0","0","8","0","9.2","6.52","4.66","0.00",".323","81.3 %","44.8 %","0.0 %","2.79","3.53","4.84","0.0","13360"
"Colt Hynes","Blue Jays","0","0","0","5","0","3.0","12.00","6.00","0.00",".667","80.0 %","50.0 %","0.0 %","6.00","2.45","2.92","0.0","7560"
"Jeremy Jeffress","Brewers","2","0","0","29","0","27.2","10.08","3.90","0.98",".296","79.9 %","59.7 %","23.1 %","3.25","3.81","3.05","0.0","9490"
"Stolmy Pimentel","Rangers","0","1","0","8","0","11.1","5.56","2.38","0.79",".286","71.4 %","48.6 %","10.0 %","3.97","3.82","3.91","0.0","6415"
"Mayckol Guaipe","Mariners","0","0","0","1","0","2.1","7.71","0.00","0.00",".000","100.0 %","60.0 %","0.0 %","0.00","1.40","2.61","0.0","11663"
"Kyle Davies","Yankees","0","0","0","1","0","2.1","7.71","0.00","0.00",".375","100.0 %","87.5 %","0.0 %","0.00","1.40","2.00","0.0","3642"
"Andre Rienzo","Marlins","0","0","0","1","0","1.1","13.50","0.00","0.00",".000","100.0 %","50.0 %","0.0 %","0.00","0.12","0.12","0.0","3507"
"Carlos Contreras","Reds","0","0","0","3","0","3.1","8.10","5.40","0.00",".143","66.7 %","14.3 %","0.0 %","2.70","3.12","5.22","0.0","10386"
"Ryan Cook","Athletics","0","2","0","4","0","4.1","6.23","6.23","0.00",".412","50.0 %","58.8 %","0.0 %","10.38","3.81","5.43","0.0","8855"
"Craig Stammen","Nationals","0","0","0","5","0","4.0","6.75","6.75","0.00",".182","100.0 %","54.5 %","0.0 %","0.00","3.87","5.27","0.0","7274"
"Kirby Yates","Rays","0","0","0","4","0","4.1","10.38","0.00","2.08",".429","89.3 %","33.3 %","20.0 %","4.15","3.81","2.43","0.0","9073"
"Patrick Venditte","Athletics","0","0","0","1","0","2.0","4.50","0.00","0.00",".200","100.0 %","80.0 %","0.0 %","0.00","2.12","2.82","0.0","7108"
"Mike Dunn","Marlins","1","3","0","24","0","19.2","7.32","2.29","0.92",".281","61.3 %","40.7 %","8.0 %","5.03","3.73","4.19","0.0","9948"
"Jason Motte","Cubs","2","1","0","25","0","20.1","5.75","3.54","0.89",".222","72.1 %","35.5 %","6.7 %","3.98","4.45","5.24","0.0","5861"
"Branden Pinder","Yankees","0","0","0","6","0","8.1","6.48","2.16","1.08",".250","92.1 %","16.7 %","8.3 %","2.16","3.96","4.42","0.0","12093"
"Kevin Chapman","Astros","0","0","0","3","0","5.1","13.50","5.06","1.69",".300","89.3 %","18.2 %","14.3 %","3.38","4.24","3.65","0.0","11240"
"Brett Cecil","Blue Jays","1","2","2","19","0","16.0","10.69","2.25","1.69",".297","94.6 %","53.8 %","25.0 %","2.81","4.12","2.73","0.0","2660"
"Neftali Feliz","Rangers","1","2","6","17","0","17.2","7.64","4.58","1.02",".345","74.5 %","35.0 %","8.3 %","5.09","4.42","4.85","0.0","18"
"Joe Nathan","Tigers","0","0","1","1","0","0.1","27.00","0.00","0.00",".000","100.0 %","0.0 %","0.0 %","0.00","-2.88","-2.88","0.0","1122"
"Kevin Gausman","Orioles","1","0","0","8","0","12.0","9.75","3.75","1.50",".281","68.2 %","41.2 %","11.8 %","4.50","4.37","4.19","0.0","14107"
"Doug Fister","Nationals","2","2","0","7","7","39.2","4.08","2.27","1.13",".291","70.0 %","40.9 %","10.9 %","4.31","4.68","4.67","0.0","9425"
"Michael Feliz","Astros","0","0","0","1","0","1.0","9.00","0.00","0.00",".333","100.0 %","0.0 %","0.0 %","0.00","1.12","3.92","0.0","11903"
"Bobby LaFromboise","Pirates","0","0","0","1","0","1.0","9.00","0.00","0.00",".333","100.0 %","33.3 %","0.0 %","0.00","1.12","2.52","0.0","7758"
"Aaron Brooks","Royals","0","0","0","1","0","1.0","9.00","0.00","0.00",".000","100.0 %","50.0 %","0.0 %","0.00","1.12","2.52","0.0","12272"
"Chad Jenkins","Blue Jays","0","0","0","1","0","2.0","9.00","4.50","0.00",".333","66.7 %","33.3 %","0.0 %","4.50","2.62","4.72","0.0","10326"
"Clint Robinson","Nationals","0","0","0","1","0","1.0","9.00","0.00","0.00",".333","100.0 %","66.7 %","0.0 %","0.00","1.12","2.52","0.0","6908"
"Casey Sadler","Pirates","1","0","0","1","1","5.0","9.00","1.80","1.80",".250","83.3 %","41.7 %","33.3 %","3.60","4.32","2.56","0.0","11209"
"Cesar Jimenez","Phillies","0","0","0","1","0","0.2","13.50","0.00","0.00",".000","100.0 %","0.0 %","0.0 %","0.00","0.12","2.22","0.0","3762"
"Steve Delabar","Blue Jays","1","0","0","9","0","8.2","11.42","5.19","1.04",".067","100.0 %","50.0 %","16.7 %","1.04","3.81","3.28","0.0","11827"
"Preston Guilmet","Rays","0","0","0","1","0","2.0","9.00","4.50","0.00",".333","66.7 %","50.0 %","0.0 %","4.50","2.62","3.32","0.0","7303"
"Neil Ramirez","Cubs","1","0","0","5","0","3.0","12.00","9.00","0.00",".167","75.0 %","50.0 %","0.0 %","3.00","3.45","4.85","0.0","7677"
"Arnold Leon","Athletics","0","0","0","5","0","5.1","11.81","1.69","1.69",".438","79.0 %","62.5 %","20.0 %","5.06","3.49","2.37","0.0","5595"
"Anthony Ranaudo","Rangers","0","1","0","1","1","1.2","10.80","10.80","0.00",".667","25.0 %","12.5 %","0.0 %","32.40","4.32","7.68","0.0","11424"
"Matt Albers","White Sox","0","0","0","4","0","5.2","7.94","1.59","1.59",".188","100.0 %","64.7 %","16.7 %","1.59","4.18","3.37","0.0","4300"
"Wesley Wright","Orioles","0","0","0","2","0","1.2","0.00","0.00","0.00",".286","50.0 %","42.9 %","0.0 %","5.40","3.12","6.48","0.0","5960"
"Daniel Coulombe","Dodgers","0","0","0","2","0","3.1","10.80","8.10","0.00",".333","50.0 %","55.6 %","0.0 %","8.10","3.42","4.26","0.0","13293"
"Javy Guerra","White Sox","0","0","0","3","0","1.2","0.00","5.40","0.00",".333","100.0 %","33.3 %","0.0 %","0.00","4.92","6.60","0.0","7407"
"Kyle Crockett","Indians","0","0","0","3","0","2.1","15.43","11.57","0.00",".000","100.0 %","100.0 %","0.0 %","0.00","3.55","3.55","0.0","15033"
"David Goforth","Brewers","0","0","0","4","0","2.1","3.86","3.86","0.00",".200","100.0 %","40.0 %","0.0 %","0.00","3.55","4.15","0.0","12166"
"Bo Schultz","Blue Jays","0","0","0","1","0","2.0","4.50","4.50","0.00",".167","100.0 %","16.7 %","0.0 %","0.00","3.62","5.72","0.0","5028"
"David Ross","Cubs","0","0","0","1","0","1.0","0.00","0.00","0.00",".000","100.0 %","66.7 %","0.0 %","0.00","3.12","4.52","0.0","1551"
"Ike Davis","Athletics","0","0","0","1","0","1.0","0.00","0.00","0.00",".000","100.0 %","100.0 %","0.0 %","0.00","3.12","3.12","0.0","8433"
"Hector Neris","Phillies","0","0","0","2","0","2.2","6.75","3.38","0.00",".375","100.0 %","37.5 %","0.0 %","0.00","3.87","5.45","0.0","11804"
"David Hale","Rockies","1","0","0","2","2","12.2","4.97","0.00","2.13",".293","74.1 %","46.5 %","18.8 %","4.26","5.09","3.78","0.0","9756"
"Edgar Ibarra","Angels","0","0","0","2","0","4.0","6.75","6.75","0.00",".308","85.7 %","38.5 %","0.0 %","2.25","3.87","4.92","0.0","5195"
"Nick Hagadone","Indians","0","1","0","26","0","19.1","8.84","3.72","1.40",".310","72.6 %","27.6 %","11.5 %","3.72","4.41","4.28","0.0","1351"
"Mike Morin","Angels","1","1","0","20","0","15.0","7.80","3.00","1.20",".256","49.4 %","38.6 %","9.1 %","6.00","4.32","4.64","0.0","13442"
"Jon Edwards","Rangers","0","0","0","6","0","4.1","8.31","8.31","0.00",".273","100.0 %","9.1 %","0.0 %","0.00","4.04","6.63","0.0","1483"
"Lucas Luetge","Mariners","0","0","0","1","0","2.1","7.71","7.71","0.00",".000","100.0 %","50.0 %","0.0 %","0.00","3.98","4.58","0.0","8337"
"Matt Shoemaker","Angels","3","4","0","10","10","56.2","8.42","2.22","2.06",".268","69.5 %","33.7 %","17.8 %","5.08","5.08","3.90","0.0","4776"
"Tommy Kahnle","Rockies","0","0","0","3","0","2.1","11.57","11.57","0.00",".200","100.0 %","40.0 %","0.0 %","0.00","4.40","4.40","0.0","11384"
"Mike Leake","Reds","2","4","0","11","11","71.2","5.40","2.76","1.51",".245","74.4 %","52.4 %","19.0 %","4.40","5.02","4.07","0.0","10130"
"Jake Peavy","Giants","0","2","0","2","2","7.2","8.22","4.70","1.17",".423","54.8 %","48.1 %","10.0 %","9.39","4.55","4.69","0.0","1051"
"Jarred Cosart","Marlins","1","3","0","7","7","39.2","5.45","3.18","1.13",".229","72.5 %","53.8 %","14.7 %","4.08","4.68","4.24","0.0","10304"
"Aaron Loup","Blue Jays","1","3","0","22","0","19.2","7.78","1.37","1.37",".293","57.7 %","50.0 %","16.7 %","5.03","4.14","3.44","0.0","10343"
"Matt Andriese","Rays","0","1","2","7","3","20.2","5.66","2.18","1.31",".333","76.4 %","55.4 %","15.8 %","4.79","4.62","4.02","0.0","12022"
"Matthew Tracy","Yankees","0","0","0","1","0","2.0","4.50","9.00","0.00",".250","25.0 %","62.5 %","0.0 %","0.00","5.12","6.52","0.0","12240"
"Randy Choate","Cardinals","1","0","0","24","0","10.1","6.10","0.87","0.87",".233","62.5 %","72.4 %","25.0 %","3.48","3.89","3.18","0.0","813"
"Jose Urena","Marlins","0","2","0","4","2","13.2","4.61","2.63","1.32",".333","59.4 %","50.0 %","13.3 %","7.24","5.09","4.73","0.0","11589"
"Odrisamer Despaigne","Padres","3","3","0","11","7","49.1","4.56","2.19","1.09",".270","71.2 %","47.6 %","12.2 %","4.56","4.66","4.47","0.0","16017"
"Jose Ramirez","Yankees","0","0","0","1","0","1.0","0.00","18.00","0.00",".500","20.0 %","33.3 %","0.0 %","36.00","9.12","14.73","0.0","10171"
"Shawn Kelley","Padres","0","2","0","15","0","16.0","11.25","2.81","1.69",".333","65.5 %","39.0 %","18.8 %","5.06","3.99","2.96","0.0","7773"
"Tom Gorzelanny","Tigers","1","1","0","20","0","18.0","7.50","4.00","1.00",".370","69.9 %","38.2 %","8.7 %","5.50","4.23","4.58","0.0","6244"
"Scott Copeland","Blue Jays","0","0","0","2","0","3.0","0.00","6.00","0.00",".200","100.0 %","55.6 %","0.0 %","0.00","5.12","6.05","0.0","10706"
"Michael Kohn","Braves","0","0","0","6","0","4.2","7.71","11.57","0.00",".000","100.0 %","22.2 %","0.0 %","0.00","5.26","7.36","0.0","8505"
"Brad Ziegler","Diamondbacks","0","1","5","26","0","25.0","5.04","2.88","0.72",".197","84.9 %","65.3 %","16.7 %","1.80","4.00","3.63","0.0","7293"
"Ryan Webb","Indians","1","0","0","11","0","15.1","5.87","2.93","0.59",".125","94.8 %","62.5 %","12.5 %","1.17","4.03","3.92","0.0","7474"
"Drew Rucinski","Angels","0","1","0","2","1","4.2","3.86","7.71","0.00",".500","69.2 %","44.4 %","0.0 %","7.71","4.83","6.33","0.0","12499"
"Brandon Cunniff","Braves","2","1","0","22","0","19.0","9.00","5.21","0.95",".178","60.4 %","46.7 %","11.1 %","4.74","4.22","4.18","0.0","11509"
"C.J. Riefenhauser","Rays","0","0","0","2","0","1.1","0.00","6.75","0.00",".500","25.0 %","16.7 %","0.0 %","20.25","5.37","8.52","0.0","11193"
"Cory Mazzoni","Padres","0","0","0","6","0","7.0","9.00","3.86","1.29",".435","31.8 %","54.2 %","33.3 %","10.29","4.26","3.00","0.0","12537"
"Taylor Hill","Nationals","0","0","0","2","0","4.2","5.79","0.00","1.93",".250","100.0 %","69.2 %","100.0 %","1.93","4.62","2.13","0.0","12515"
"Garrett Jones","Yankees","0","0","0","1","0","0.2","0.00","13.50","0.00",".000","100.0 %","50.0 %","0.0 %","0.00","12.12","14.22","0.0","2714"
"Roman Mendez","Rangers","0","1","0","12","0","11.2","6.94","5.40","0.77",".323","68.2 %","12.5 %","5.6 %","5.40","4.75","5.80","0.0","10307"
"Archie Bradley","Diamondbacks","2","3","0","8","8","35.2","5.80","5.55","0.76",".297","66.3 %","58.0 %","9.7 %","5.80","4.94","5.07","0.0","12918"
"Dale Thayer","Padres","1","0","0","24","0","23.2","6.85","2.66","1.14",".269","88.2 %","36.2 %","10.0 %","2.66","4.13","4.26","0.0","5032"
"Jorge Rondon","Rockies","0","0","0","2","0","1.0","9.00","27.00","0.00",".727","0.0 %","30.0 %","0.0 %","90.00","10.12","14.32","0.0","5791"
"Kyle Ryan","Tigers","1","0","0","2","1","10.0","3.60","3.60","0.90",".172","81.4 %","53.3 %","12.5 %","2.70","4.82","4.64","0.0","11753"
"Justin De Fratus","Phillies","0","1","0","25","0","25.2","8.77","3.86","1.05",".261","67.1 %","50.0 %","15.0 %","3.86","4.21","3.78","0.0","4955"
"Rob Scahill","Pirates","1","3","0","18","0","19.2","7.78","5.03","0.46",".313","72.8 %","65.6 %","10.0 %","1.83","3.88","3.93","0.0","9286"
"Everett Teaford","Rays","0","0","0","1","0","2.1","7.71","7.71","0.00",".500","85.7 %","25.0 %","0.0 %","3.86","5.26","6.46","0.0","3732"
"T.J. McFarland","Orioles","0","1","0","6","0","6.2","12.15","6.75","1.35",".381","63.5 %","68.2 %","25.0 %","2.70","4.62","3.51","0.0","3237"
"Bryan Shaw","Indians","0","1","0","26","0","17.2","8.66","3.06","1.53",".275","79.8 %","37.0 %","15.8 %","2.55","4.42","3.72","0.0","8110"
"Oliver Perez","Diamondbacks","1","1","0","26","0","15.2","11.49","3.45","1.15",".386","72.5 %","31.0 %","11.8 %","5.74","4.14","4.00","0.0","1514"
"Travis Wood","Cubs","2","2","1","14","7","43.1","9.97","2.91","2.08",".291","71.1 %","31.0 %","18.2 %","5.19","4.94","3.72","0.0","9884"
"Jacob Lindgren","Yankees","0","0","0","5","0","5.1","11.81","6.75","1.69",".182","89.3 %","50.0 %","25.0 %","3.38","5.18","3.79","0.0","16215"
"Tim Hudson","Giants","3","5","0","11","11","69.1","4.67","2.08","1.17",".287","73.4 %","55.7 %","17.6 %","4.41","4.63","3.98","0.0","921"
"Enny Romero","Rays","0","0","0","1","0","3.0","9.00","15.00","0.00",".167","83.3 %","50.0 %","0.0 %","3.00","6.12","7.52","0.0","4001"
"Antonio Bastardo","Pirates","0","1","0","18","0","13.1","9.45","3.38","1.35",".350","78.1 %","24.4 %","9.5 %","4.73","4.32","4.58","0.0","8844"
"Jonathan Broxton","Brewers","1","2","0","22","0","20.1","9.74","1.77","1.77",".397","63.0 %","48.3 %","23.5 %","6.64","4.10","2.72","0.0","4759"
"Greg Holland","Royals","1","0","8","12","0","12.1","7.30","5.84","0.73",".138","86.2 %","55.2 %","11.1 %","2.19","4.50","4.47","0.0","7196"
"Chad Smith","Athletics","0","0","0","2","0","1.1","13.50","20.25","0.00",".714","44.4 %","14.3 %","0.0 %","33.75","9.12","11.22","0.0","13604"
"Chad Billingsley","Phillies","0","2","0","3","3","16.0","3.94","1.69","1.69",".333","59.6 %","44.3 %","13.0 %","6.75","5.24","4.82","0.0","5842"
"Kyle Drabek","White Sox","0","0","0","3","0","5.1","5.06","3.38","1.69",".400","83.3 %","33.3 %","10.0 %","5.06","5.56","5.75","-0.1","4359"
"Bud Norris","Orioles","1","4","0","6","6","27.1","5.93","4.28","1.32",".354","48.5 %","37.4 %","11.1 %","9.88","5.35","5.29","-0.1","9492"
"David Buchanan","Phillies","0","5","0","5","5","24.2","4.38","5.47","0.73",".349","54.1 %","48.2 %","7.4 %","8.76","5.27","5.75","-0.1","11176"
"Matt Barnes","Red Sox","2","0","0","11","0","13.2","7.24","3.29","1.32",".348","89.1 %","33.3 %","9.5 %","1.98","4.51","4.76","-0.1","12863"
"Dalier Hinojosa","Red Sox","0","0","0","1","0","1.2","10.80","16.20","0.00",".000","100.0 %","33.3 %","0.0 %","0.00","7.92","9.60","-0.1","15671"
"Trevor Cahill","Braves","0","3","0","14","3","25.1","4.97","3.91","0.71",".348","53.2 %","62.0 %","12.5 %","7.82","4.46","4.32","-0.1","6249"
"Tyler Wagner","Brewers","0","0","0","1","1","3.2","4.91","2.45","2.45",".471","58.1 %","52.9 %","20.0 %","12.27","6.39","4.76","-0.1","13796"
"Jake Diekman","Phillies","0","1","0","25","0","21.1","12.23","7.17","0.84",".414","64.0 %","58.3 %","12.5 %","6.75","4.29","4.12","-0.1","5003"
"Eric O'Flaherty","Athletics","0","2","0","9","0","8.0","9.00","5.63","1.13",".407","44.9 %","66.7 %","33.3 %","10.13","4.62","3.52","-0.1","5746"
"Heath Hembree","Red Sox","0","0","0","2","0","2.1","11.57","7.71","3.86",".625","30.3 %","22.2 %","25.0 %","23.14","8.69","5.52","-0.1","11632"
"Jake Buchanan","Astros","0","0","0","4","0","6.1","4.26","4.26","1.42",".111","100.0 %","68.4 %","25.0 %","1.42","5.64","4.48","-0.1","10962"
"Tim Cooney","Cardinals","0","0","0","1","1","2.1","11.57","3.86","3.86",".600","75.8 %","54.5 %","33.3 %","11.57","7.40","3.64","-0.1","13762"
"Adam Wilk","Angels","0","0","0","1","0","2.0","9.00","4.50","4.50",".200","100.0 %","50.0 %","50.0 %","4.50","10.62","5.52","-0.1","8421"
"Corey Knebel","Brewers","0","0","0","8","0","8.2","12.46","4.15","2.08",".316","97.8 %","33.3 %","22.2 %","3.12","4.73","3.19","-0.1","15010"
"Yoervis Medina","Mariners","1","0","1","12","0","12.0","6.75","5.25","0.75",".270","78.3 %","34.2 %","5.9 %","3.00","4.45","5.35","-0.1","10498"
"John Cornely","Braves","0","0","0","1","0","1.0","9.00","9.00","9.00",".500","0.0 %","20.0 %","33.3 %","36.00","17.12","8.32","-0.1","12364"
"Scott Carroll","White Sox","1","1","0","8","0","17.1","3.63","3.63","0.52",".311","67.7 %","60.7 %","7.1 %","3.12","4.45","4.83","-0.1","888"
"Dan Jennings","White Sox","1","2","0","22","0","23.0","8.22","5.87","0.78",".329","53.8 %","63.8 %","14.3 %","7.83","4.38","4.10","-0.1","8073"
"Andrew Bellatti","Rays","2","0","0","4","0","10.0","9.00","6.30","0.90",".208","95.2 %","36.0 %","11.1 %","1.80","4.82","4.78","-0.1","10657"
"Pedro Villarreal","Reds","0","0","0","3","0","4.2","1.93","3.86","1.93",".375","65.8 %","47.1 %","33.3 %","7.71","6.76","4.88","-0.1","9904"
"Joe Beimel","Mariners","0","0","1","13","0","11.2","5.40","3.86","0.77",".206","69.0 %","51.5 %","8.3 %","3.09","4.32","4.65","-0.1","979"
"Brandon Kintzler","Brewers","0","1","0","7","0","7.0","9.00","6.43","1.29",".478","70.5 %","62.5 %","50.0 %","6.43","5.12","3.66","-0.1","9939"
"Anthony Bass","Rangers","0","0","0","17","0","34.2","5.19","2.60","1.04",".266","74.9 %","50.0 %","13.3 %","3.89","4.33","4.04","-0.1","7982"
"Al Alburquerque","Tigers","0","0","0","23","0","22.1","8.06","4.43","1.21",".292","83.3 %","45.6 %","13.6 %","3.63","4.55","4.19","-0.1","6324"
"Sergio Santos","Dodgers","0","0","0","12","0","13.1","10.13","4.73","1.35",".297","75.6 %","46.2 %","20.0 %","4.73","4.39","3.49","-0.1","4734"
"Robbie Ross","Red Sox","0","0","0","15","0","17.0","6.35","3.18","1.06",".327","66.1 %","46.4 %","13.3 %","5.29","4.47","4.18","-0.1","6819"
"Jeff Beliveau","Rays","0","0","0","5","0","2.2","6.75","3.38","3.38",".455","53.6 %","18.2 %","20.0 %","13.50","7.62","5.37","-0.1","8504"
"Logan Verrett","Rangers","0","1","0","4","0","9.0","3.00","4.00","1.00",".294","58.8 %","57.1 %","14.3 %","6.00","5.23","4.88","-0.1","12905"
"J.R. Graham","Twins","0","0","0","14","0","20.1","7.52","3.10","1.33",".288","71.4 %","41.0 %","12.0 %","3.10","4.54","4.35","-0.1","12042"
"Brandon Finnegan","Royals","1","0","0","5","0","9.2","7.45","5.59","0.93",".095","93.0 %","61.9 %","25.0 %","1.86","4.98","4.22","-0.1","16208"
"Juan Jaime","Braves","0","1","0","2","0","1.1","6.75","27.00","0.00",".000","75.0 %","50.0 %","0.0 %","6.75","10.62","11.67","-0.1","6127"
"Kyuji Fujikawa","Rangers","0","0","0","2","0","1.2","5.40","0.00","5.40",".200","0.0 %","0.0 %","20.0 %","16.20","11.52","7.92","-0.1","14443"
"Dennis Tepera","Blue Jays","0","0","0","6","0","7.1","7.36","0.00","2.45",".200","76.9 %","36.4 %","25.0 %","4.91","5.85","3.83","-0.1","10291"
"Cody Martin","Braves","2","2","0","19","0","20.2","10.02","2.18","1.74",".346","75.9 %","32.7 %","17.4 %","4.79","4.28","3.32","-0.1","12182"
"Rob Wooten","Brewers","0","0","0","4","0","6.0","9.00","9.00","1.50",".250","37.7 %","37.5 %","20.0 %","12.00","6.79","5.79","-0.1","8532"
"Jason Frasor","Royals","1","0","0","19","0","16.1","6.06","5.51","0.55",".340","97.7 %","49.0 %","8.3 %","0.55","4.40","4.64","-0.1","1906"
"Austin Adams","Indians","0","0","1","5","0","7.2","2.35","3.52","1.17",".050","100.0 %","42.9 %","10.0 %","1.17","5.47","5.60","-0.1","7411"
"LaTroy Hawkins","Rockies","1","1","1","7","0","6.0","10.50","3.00","3.00",".450","58.8 %","54.5 %","33.3 %","10.50","6.12","3.19","-0.1","729"
"Derek Holland","Rangers","0","1","0","1","1","1.0","0.00","0.00","9.00",".333","100.0 %","50.0 %","50.0 %","9.00","16.12","5.92","-0.1","4141"
"Joaquin Benoit","Padres","4","2","1","24","0","23.0","8.22","3.91","1.17",".130","88.6 %","45.5 %","14.3 %","2.35","4.29","3.88","-0.1","1437"
"Xavier Cedeno","- - -","0","0","0","25","0","14.2","7.98","4.30","1.23",".318","89.6 %","53.3 %","15.4 %","2.45","4.75","4.22","-0.1","36"
"Jose Alvarez","Angels","0","1","0","18","0","22.2","8.74","3.18","1.19",".182","72.1 %","43.1 %","13.0 %","3.57","4.49","4.19","-0.1","5358"
"Spencer Patton","Rangers","0","0","0","2","0","3.0","12.00","3.00","6.00",".000","83.3 %","16.7 %","50.0 %","9.00","11.12","4.32","-0.1","12361"
"Aaron Sanchez","Blue Jays","5","4","0","11","11","66.0","5.73","5.05","1.09",".260","80.4 %","58.1 %","17.8 %","3.55","5.19","4.57","-0.1","11490"
"Angel Nesbitt","Tigers","1","1","0","23","0","21.1","5.91","2.53","0.84",".279","70.9 %","47.8 %","9.5 %","4.22","4.43","4.59","-0.1","13415"
"Andrew Schugel","Diamondbacks","0","0","0","1","0","3.0","0.00","6.00","3.00",".308","89.3 %","71.4 %","50.0 %","6.00","9.45","6.05","-0.1","11432"
"Jumbo Diaz","Reds","2","0","0","24","0","22.0","9.41","1.23","2.05",".279","60.0 %","48.4 %","25.0 %","6.14","4.66","2.98","-0.1","3397"
"R.A. Dickey","Blue Jays","2","6","0","11","11","70.0","5.27","3.09","1.54",".262","66.1 %","43.5 %","15.6 %","5.53","5.33","4.65","-0.1","1245"
"Oliver Drake","Orioles","0","0","0","5","0","7.2","8.22","7.04","1.17",".211","83.3 %","45.0 %","12.5 %","3.52","5.34","5.10","-0.1","8823"
"Sammy Solis","Nationals","1","0","0","5","0","9.0","4.00","2.00","2.00",".214","69.4 %","30.0 %","16.7 %","5.00","5.79","4.77","-0.1","11457"
"Brian Matusz","Orioles","1","2","0","17","0","18.1","6.87","5.40","0.98",".288","80.9 %","24.5 %","8.0 %","3.44","5.14","5.63","-0.1","2646"
"Samuel Tuivailala","Cardinals","0","1","0","3","0","3.0","9.00","6.00","3.00",".143","76.9 %","25.0 %","20.0 %","6.00","7.45","5.45","-0.1","13485"
"Sam Freeman","Rangers","0","0","0","11","0","8.0","3.38","2.25","1.13",".269","66.0 %","48.1 %","12.5 %","5.63","5.49","5.27","-0.1","6832"
"Miguel Castro","Blue Jays","0","2","4","13","0","12.1","8.76","4.38","1.46",".351","76.9 %","36.8 %","13.3 %","4.38","4.74","4.34","-0.1","15684"
"Angel Castro","Athletics","0","1","0","4","0","3.0","9.00","9.00","3.00",".500","100.0 %","60.0 %","33.3 %","3.00","8.45","5.52","-0.1","3243"
"Todd Redmond","Blue Jays","0","0","0","3","1","8.1","7.56","6.48","2.16",".280","37.9 %","25.9 %","11.8 %","11.88","7.08","6.82","-0.1","9943"
"Matt Garza","Brewers","3","7","0","11","10","62.0","6.68","4.21","1.45",".292","69.5 %","45.7 %","17.2 %","5.52","5.18","4.40","-0.1","3340"
"Alex Torres","Mets","0","0","1","22","0","20.1","10.62","4.87","1.33",".217","91.4 %","51.0 %","20.0 %","2.66","4.45","3.56","-0.1","7038"
"Burke Badenhop","Reds","0","1","0","18","0","18.0","4.00","3.50","1.00",".338","58.2 %","50.7 %","9.5 %","7.50","4.84","5.03","-0.1","9736"
"Chris Bassitt","Athletics","0","0","0","5","0","10.2","6.75","7.59","0.84",".143","70.5 %","34.5 %","7.1 %","3.38","6.21","6.83","-0.1","12304"
"Ross Ohlendorf","Rangers","1","0","1","8","0","7.2","10.57","4.70","2.35",".263","97.6 %","33.3 %","20.0 %","3.52","5.73","4.16","-0.1","8268"
"Edward Mujica","- - -","2","1","0","16","0","19.0","6.16","1.89","1.42",".283","85.1 %","50.9 %","17.6 %","3.32","4.59","3.79","-0.2","3970"
"Tyler Matzek","Rockies","2","1","0","5","5","22.0","6.14","7.77","0.82",".302","82.1 %","39.7 %","8.3 %","4.09","5.94","6.28","-0.2","10058"
"Kendall Graveman","Athletics","3","2","0","7","7","34.0","4.76","3.97","1.06",".317","68.6 %","50.0 %","12.1 %","5.56","5.27","5.10","-0.2","15514"
"Jason Marquis","Reds","3","4","0","9","9","47.1","7.04","2.66","1.90",".351","64.6 %","46.3 %","20.0 %","6.46","5.25","3.99","-0.2","105"
"Justin Masterson","Red Sox","2","2","0","7","7","35.1","6.11","4.84","1.02",".319","66.8 %","51.3 %","12.9 %","6.37","5.27","5.03","-0.2","2038"
"Yusmeiro Petit","Giants","1","1","1","16","1","32.1","5.57","1.95","1.39",".252","78.1 %","31.8 %","9.3 %","3.90","4.63","4.96","-0.2","4020"
"David Huff","Dodgers","0","0","0","3","1","6.0","6.00","1.50","3.00",".409","68.6 %","50.0 %","33.3 %","9.00","7.12","4.19","-0.2","4257"
"Craig Breslow","Red Sox","0","0","0","18","0","22.1","7.25","4.03","1.21",".313","78.6 %","30.4 %","7.7 %","4.03","4.86","5.57","-0.2","4363"
"Andrew Albers","Blue Jays","0","0","0","1","0","2.2","3.38","6.75","3.38",".000","100.0 %","50.0 %","50.0 %","3.38","9.49","5.67","-0.2","7853"
"Vinnie Pestano","Angels","1","0","0","17","0","10.2","10.97","6.75","1.69",".355","76.9 %","27.3 %","11.1 %","4.22","5.37","5.30","-0.2","4782"
"Sugar Marimon","Braves","0","1","0","4","0","7.1","6.14","4.91","1.23",".292","66.0 %","33.3 %","8.3 %","6.14","5.16","5.69","-0.2","6027"
"Samuel Deduno","Astros","0","1","1","9","2","21.0","7.29","3.86","1.29",".328","62.9 %","47.0 %","16.7 %","6.86","5.07","4.42","-0.2","5285"
"Dustin McGowan","Phillies","1","1","0","10","1","14.0","5.79","10.29","0.64",".289","69.9 %","37.0 %","6.3 %","5.79","6.19","6.86","-0.2","8600"
"Esmil Rogers","Yankees","1","1","0","17","0","31.0","8.42","4.06","1.45",".341","60.0 %","41.7 %","16.1 %","6.39","4.89","4.20","-0.2","6317"
"Jon Moscot","Reds","0","1","0","1","1","5.0","5.40","5.40","3.60",".143","71.4 %","43.8 %","25.0 %","7.20","8.92","5.96","-0.2","13849"
"Rafael Martin","Nationals","0","0","0","4","0","5.0","19.80","3.60","5.40",".500","58.8 %","23.1 %","50.0 %","9.00","8.32","2.20","-0.2","10258"
"Eddie Butler","Rockies","3","6","0","11","11","54.1","4.80","4.97","1.16",".335","74.0 %","50.8 %","14.6 %","4.80","5.60","5.17","-0.2","13453"
"Ian Krol","Tigers","1","0","0","6","0","5.2","7.94","4.76","3.18",".154","95.2 %","40.0 %","33.3 %","4.76","7.53","4.43","-0.2","10066"
"Kevin Gregg","Reds","0","2","0","11","0","10.2","11.81","4.22","2.53",".345","43.5 %","35.5 %","25.0 %","10.13","5.56","3.48","-0.2","1793"
"Steve Cishek","Marlins","1","5","3","19","0","19.1","7.91","4.66","0.93",".375","63.3 %","42.2 %","9.5 %","6.98","4.26","4.43","-0.2","6483"
"Buck Farmer","Tigers","0","1","0","1","1","5.0","1.80","1.80","3.60",".350","41.7 %","50.0 %","28.6 %","12.60","8.52","5.28","-0.2","14814"
"Jean Machi","Giants","1","0","0","24","0","26.1","5.81","4.10","0.68",".289","62.8 %","51.1 %","8.0 %","5.47","4.30","4.64","-0.2","3220"
"Christopher Rearick","Padres","0","0","0","5","0","3.0","12.00","6.00","6.00",".500","76.9 %","44.4 %","66.7 %","12.00","11.12","3.85","-0.2","11050"
"Santiago Casilla","Giants","4","1","16","26","0","23.1","8.87","3.86","1.16",".308","87.7 %","46.3 %","12.5 %","2.70","4.36","4.13","-0.2","2873"
"Brian Duensing","Twins","2","0","1","21","0","11.1","3.97","5.56","0.79",".381","56.9 %","45.2 %","6.7 %","9.53","5.77","6.47","-0.2","4064"
"Alexi Ogando","Red Sox","1","0","0","21","0","21.2","6.65","2.49","1.66",".258","78.4 %","43.9 %","16.7 %","4.15","4.87","4.03","-0.2","10261"
"Dan Otero","Athletics","2","3","0","23","0","24.1","5.92","1.85","1.48",".338","63.7 %","45.2 %","14.3 %","6.29","4.68","4.16","-0.2","7385"
"Tyler Thornburg","Brewers","0","0","0","6","0","9.2","7.45","2.79","2.79",".361","44.3 %","33.3 %","18.8 %","5.59","6.74","5.03","-0.2","10688"
"Grant Balfour","Rays","0","0","0","6","0","4.1","0.00","8.31","2.08",".133","75.8 %","25.0 %","12.5 %","6.23","9.58","9.17","-0.2","718"
"Jerome Williams","Phillies","3","5","0","12","12","63.1","5.40","2.27","1.71",".339","71.0 %","41.0 %","15.8 %","5.68","5.33","4.55","-0.2","1137"
"David Carpenter","Yankees","0","1","0","22","0","18.2","5.30","3.38","1.45",".283","71.4 %","42.4 %","15.0 %","4.82","5.31","4.73","-0.2","3959"
"T.J. House","Indians","0","4","0","4","4","13.0","4.85","8.31","0.69",".392","47.6 %","59.6 %","20.0 %","13.15","6.27","5.81","-0.2","9121"
"Homer Bailey","Reds","0","1","0","2","2","11.1","2.38","3.18","2.38",".317","82.3 %","52.4 %","23.1 %","5.56","7.09","5.26","-0.2","8362"
"Mitchell Harris","Cardinals","1","1","0","14","0","14.1","5.02","5.02","1.26",".365","80.2 %","37.3 %","9.1 %","4.40","5.49","5.83","-0.2","4530"
"Neal Cotts","Brewers","0","0","0","23","0","23.0","9.78","2.35","2.35",".271","82.5 %","38.3 %","23.1 %","4.70","5.25","3.44","-0.2","1797"
"Dominic Leone","- - -","0","5","0","11","0","12.1","5.11","6.57","0.73",".318","53.1 %","46.7 %","6.7 %","8.03","5.23","5.88","-0.2","13763"
"Joe Wieland","Dodgers","0","1","0","1","1","4.2","3.86","7.71","3.86",".267","55.6 %","41.2 %","40.0 %","11.57","10.40","6.33","-0.2","6109"
"Brian Schlitter","Cubs","0","2","0","9","0","6.2","5.40","2.70","2.70",".400","71.4 %","63.0 %","40.0 %","8.10","6.72","3.87","-0.2","3599"
"Bruce Chen","Indians","0","1","0","2","2","6.1","5.68","1.42","4.26",".519","65.2 %","41.4 %","33.3 %","12.79","8.49","4.32","-0.2","769"
"Hisashi Iwakuma","Mariners","0","1","0","3","3","16.1","6.06","1.65","2.76",".288","62.5 %","44.6 %","27.8 %","6.61","6.30","3.87","-0.2","13048"
"Tanner Scheppers","Rangers","2","0","0","14","0","14.0","7.07","5.14","1.29",".244","65.9 %","51.2 %","16.7 %","5.79","5.33","4.68","-0.2","10267"
"Shaun Marcum","Indians","2","1","0","5","4","26.0","8.65","3.46","2.42",".266","78.5 %","33.8 %","22.6 %","5.19","5.85","4.02","-0.3","6204"
"Steven Wright","Red Sox","2","2","0","6","4","33.2","4.54","2.41","1.60",".239","73.6 %","50.4 %","13.0 %","4.01","5.23","4.83","-0.3","8185"
"Radhames Liz","Pirates","1","3","0","11","0","17.1","9.35","5.19","1.56",".362","89.9 %","34.7 %","18.8 %","3.63","5.37","4.41","-0.3","5843"
"Scott Baker","Dodgers","0","1","0","2","2","11.0","6.55","2.45","3.27",".233","83.3 %","38.2 %","25.0 %","5.73","7.21","4.52","-0.3","6176"
"Ian Thomas","- - -","0","1","0","6","0","8.1","6.48","7.56","2.16",".269","68.2 %","38.5 %","22.2 %","6.48","7.32","5.71","-0.3","13881"
"Ryan Vogelsong","Giants","4","3","0","11","9","57.0","6.79","3.47","1.42",".262","73.4 %","42.5 %","13.2 %","4.26","4.93","4.55","-0.3","1011"
"Zac Rosscup","Cubs","2","1","0","22","0","20.0","8.55","3.15","1.80",".259","77.3 %","36.4 %","18.2 %","4.50","4.87","3.81","-0.3","9419"
"Frank Garces","Padres","0","0","0","18","0","16.2","5.94","3.78","1.62",".255","79.8 %","35.8 %","13.0 %","3.78","5.40","4.99","-0.3","13144"
"Phil Klein","Rangers","1","0","0","8","2","12.0","6.75","3.75","3.00",".293","58.4 %","31.1 %","19.0 %","8.25","7.20","5.32","-0.3","12675"
"R.J. Alvarez","Athletics","0","0","0","10","0","9.0","16.00","6.00","4.00",".429","37.3 %","20.0 %","28.6 %","13.00","7.34","3.74","-0.3","13401"
"Zach Duke","White Sox","2","2","1","23","0","22.1","8.87","4.43","1.61",".304","87.1 %","54.2 %","26.7 %","3.63","4.95","3.57","-0.3","3840"
"Alex Claudio","Rangers","1","0","0","16","0","13.2","6.59","3.95","1.98",".184","93.8 %","55.0 %","23.1 %","2.63","6.05","4.53","-0.3","12890"
"Scott Atchison","Indians","1","1","0","19","0","15.2","5.74","1.72","2.30",".260","71.4 %","47.2 %","25.0 %","5.74","5.93","4.04","-0.3","2642"
"Hector Noesi","White Sox","0","4","0","8","5","26.2","6.75","5.06","2.36",".266","70.2 %","40.7 %","18.9 %","6.75","6.83","5.36","-0.3","3292"
"Luis Garcia","Phillies","2","2","1","28","0","27.0","7.67","5.00","1.33",".299","79.7 %","62.0 %","33.3 %","4.33","5.01","3.70","-0.3","6984"
"Jason Garcia","Orioles","0","0","0","8","0","13.2","5.27","7.24","1.98",".205","70.7 %","38.1 %","15.0 %","5.93","7.66","6.85","-0.3","12143"
"Brandon McCarthy","Dodgers","3","0","0","4","4","23.0","11.35","1.57","3.52",".288","84.4 %","38.3 %","37.5 %","5.87","6.21","2.58","-0.3","4662"
"Michael Lorenzen","Reds","1","1","0","7","5","32.1","5.01","5.29","1.39",".217","89.5 %","39.6 %","16.7 %","3.06","5.87","5.16","-0.3","14843"
"Eric Stults","Braves","1","5","0","9","8","47.2","5.85","2.45","1.89",".268","63.8 %","37.6 %","16.1 %","5.85","5.36","4.46","-0.3","8011"
"Nick Masset","- - -","1","1","0","15","0","16.1","6.06","3.31","1.65",".327","79.0 %","49.1 %","17.6 %","4.41","5.44","4.52","-0.3","7267"
"Julio Teheran","Braves","4","2","0","11","11","61.0","7.23","3.84","1.77",".316","71.4 %","37.8 %","17.9 %","4.87","5.54","4.53","-0.3","6797"
"Ross Detwiler","Rangers","0","5","0","7","7","33.2","5.88","4.01","1.87",".353","65.2 %","35.8 %","14.6 %","6.95","6.03","5.33","-0.3","2859"
"Evan Marshall","Diamondbacks","0","2","0","13","0","13.1","4.73","3.38","2.03",".370","76.9 %","53.1 %","27.3 %","6.08","6.12","4.35","-0.4","12297"
"Michael Tonkin","Twins","0","0","0","12","0","8.0","7.88","3.38","3.38",".261","90.9 %","53.8 %","27.3 %","5.63","7.74","4.80","-0.4","10315"
"Donnie Veal","Braves","0","0","0","5","0","4.1","6.23","4.15","6.23",".333","58.8 %","35.3 %","37.5 %","14.54","12.81","6.40","-0.4","4741"
"Fernando Rodney","Mariners","2","3","14","24","0","23.1","7.71","4.63","1.54",".342","66.8 %","42.7 %","13.3 %","6.94","5.43","5.01","-0.4","494"
"Tyler Olson","Mariners","1","1","0","11","0","13.1","5.40","6.75","1.35",".364","80.2 %","44.2 %","13.3 %","5.40","6.34","5.97","-0.4","14741"
"Sean O'Sullivan","Phillies","1","4","0","7","7","39.1","4.35","2.06","2.06",".275","79.7 %","44.4 %","17.3 %","5.03","6.19","5.07","-0.5","9137"
"Fernando Abad","Athletics","0","2","0","23","0","13.2","4.61","2.63","2.63",".250","76.4 %","32.6 %","17.4 %","5.93","7.00","5.55","-0.5","4994"
"Tommy Milone","Twins","2","1","0","5","5","27.2","4.23","3.90","2.28",".261","81.3 %","39.6 %","17.9 %","4.55","6.77","5.46","-0.5","7608"
"Jeremy Affeldt","Giants","0","2","0","24","0","16.2","3.24","4.32","1.08",".328","74.5 %","61.9 %","20.0 %","4.86","5.58","4.86","-0.5","583"
"Tim Stauffer","Twins","1","0","0","12","0","14.0","2.57","4.50","2.57",".358","73.8 %","52.6 %","25.0 %","7.07","7.76","5.65","-0.5","6432"
"Ian Kennedy","Padres","3","5","0","9","9","45.0","9.00","3.20","2.40",".311","69.0 %","40.0 %","25.5 %","6.60","5.85","3.85","-0.5","6986"
"Jeremy Guthrie","Royals","4","3","0","10","10","54.0","3.33","2.83","1.67",".296","68.5 %","35.1 %","12.8 %","6.17","5.95","5.57","-0.5","2072"
"Ernesto Frieri","Rays","1","0","2","22","0","23.1","7.33","4.24","2.31",".222","84.8 %","29.4 %","15.4 %","4.63","6.38","5.38","-0.5","5178"
"Tanner Roark","Nationals","2","2","1","16","3","37.0","4.14","1.95","1.95",".241","94.7 %","49.2 %","18.6 %","3.16","5.74","4.56","-0.5","8753"
"Scott Oberg","Rockies","2","1","1","21","0","19.2","5.95","1.37","2.75",".263","86.0 %","53.2 %","35.3 %","4.12","6.68","3.92","-0.6","13911"
"Kyle Kendrick","Rockies","2","7","0","11","11","66.0","4.36","3.00","2.05",".275","65.4 %","40.3 %","17.4 %","6.55","6.33","5.20","-0.7","6230"
